image,x_00_mm,x_01_mm,x_02_mm,x_03_mm,x_04_mm,x_05_mm,x_06_mm,x_07_mm,x_08_mm,x_09_mm,x_10_mm,x_11_mm,x_12_mm,x_13_mm,x_14_mm
00009.png,40.632553,40.632553,42.08737,43.249123,44.148865,45.113174,46.41758,47.65795,48.30851,48.95875,50.171196,51.38577,51.83129,51.556686,51.556686
00014.png,60.964626,60.964626,62.866413,64.3556,65.556885,66.75817,66.59807,66.44006,66.53089,66.66795,67.07415,68.031555,69.26521,71.28911,71.28911
00019.png,59.423687,59.423687,57.66478,55.63833,55.74601,55.853703,56.478653,56.85163,54.937866,52.85369,52.606007,52.35833,53.449753,54.79863,54.79863
00020.png,47.272198,47.272198,47.911514,47.753532,47.072037,46.37496,45.479908,44.58485,44.07531,43.406525,43.250343,42.93982,41.6706,40.49607,40.49607
00028.png,75.05213,75.05213,75.17967,75.64163,75.43381,75.226,74.04804,72.87174,73.25984,73.64794,73.54672,73.48466,72.81795,72.67345,72.67345
00038.png,75.72784,75.72784,76.28229,76.90615,77.75665,78.64581,77.57128,76.78791,76.76296,76.74811,75.650826,75.2177,75.71261,76.28537,76.28537
00053.png,60.48802,60.48802,63.10919,64.57409,67.94482,70.93747,71.24249,71.597626,70.40773,68.232315,65.56568,62.89904,61.51829,59.81222,59.81222
00057.png,94.474075,94.474075,91.818436,88.93699,81.096825,72.99096,52.072655,31.38927,23.383389,17.58424,15.841099,14.529774,14.026634,13.831268,13.831268
00071.png,156.80869,156.80869,157.15384,156.73996,156.14142,155.42061,154.99919,154.48474,155.50613,156.5275,156.12994,155.70729,155.59064,155.46875,155.46875
00087.png,85.122925,85.122925,84.01859,83.301506,81.906204,80.568306,77.94069,75.5214,74.51637,73.511345,73.33207,73.153534,73.05788,73.52115,73.52115
00090.png,55.051193,55.051193,52.32857,49.744236,48.45058,46.22735,44.167824,42.101883,41.641956,41.18203,43.037987,45.01215,48.87961,52.640038,52.640038
00105.png,29.090355,29.090355,22.984615,18.906193,15.8271675,12.75816,18.427761,24.425518,30.732574,36.94922,37.136623,37.26375,32.34727,27.485088,27.485088
00118.png,104.63298,104.63298,102.82329,101.74399,101.851105,101.96819,100.67395,99.407104,99.56457,99.72202,100.12755,100.54716,99.69038,99.69764,99.69764
00122.png,13.537552,13.537552,13.809589,13.08844,11.82515,10.561836,9.048286,7.517296,9.046352,10.5579605,11.741989,13.0937805,11.554718,10.074638,10.074638
00147.png,109.42703,109.42703,108.17131,108.341415,107.918076,107.50833,105.81711,104.125885,103.82124,103.20629,103.096504,102.98672,103.64442,104.849655,104.849655
00150.png,59.649815,59.649815,61.315716,62.75145,65.09909,67.446724,69.594215,70.73852,70.57855,70.4186,70.55916,70.699715,71.54088,73.34232,73.34232
00156.png,66.40886,66.40886,69.09175,71.88429,72.00635,72.14883,72.516136,72.964134,72.71991,72.533806,72.41715,72.45942,72.77119,73.13279,73.13279
00157.png,111.52908,111.52908,109.74107,109.290054,109.701225,110.322876,111.205,112.54402,111.47229,110.477036,111.38965,112.42509,113.64416,114.867134,114.867134
00159.png,54.602783,54.602783,58.578735,61.376354,63.31874,64.34572,63.38111,62.416508,62.08898,61.76145,62.28738,62.81331,62.551105,61.698143,61.698143
00162.png,53.891663,53.891663,53.589546,51.78943,50.88173,49.97402,49.631042,49.28808,49.186825,49.085575,49.88176,50.677933,51.76013,52.845703,52.845703
00167.png,70.80229,70.80229,70.769905,71.206215,69.846344,68.486465,66.92531,65.37679,63.82039,62.263985,61.9965,61.664597,62.807243,64.0271,64.0271
00169.png,33.03625,33.03625,33.088108,32.42259,29.892708,26.638138,22.610329,18.57074,21.880817,22.746723,22.84093,22.93512,20.72039,16.664825,16.664825
00172.png,69.98024,69.98024,72.39575,74.56292,74.9276,75.03347,72.18915,69.34482,66.41582,63.51158,61.662952,59.81434,59.712368,58.25768,58.25768
00173.png,84.49568,84.49568,85.2724,86.07293,86.16383,86.110825,85.021385,83.93195,83.202324,82.47269,82.20635,82.21133,82.35236,82.51568,82.51568
00191.png,94.30189,94.30189,94.47051,94.3876,93.85495,93.39013,91.95604,90.493,91.138664,91.62199,91.91459,92.207184,90.88852,89.190445,89.190445
00200.png,22.488998,22.488998,23.763378,24.62199,25.073296,25.032818,25.72565,26.418484,25.986675,25.554848,25.192287,24.662704,21.194263,17.725811,17.725811
00203.png,107.620514,107.620514,107.08833,106.58211,104.389046,102.195984,100.25497,98.367676,98.36506,98.351006,99.18405,100.01712,101.21809,103.41072,103.41072
00205.png,86.1578,86.1578,87.06268,88.07812,88.671005,89.22136,89.963295,91.11942,91.16142,91.20343,92.756325,95.27934,97.23488,99.534035,99.534035
00211.png,32.382782,32.382782,33.047276,33.263317,32.75257,32.083603,31.823719,31.56385,32.255608,32.94736,34.26778,35.236374,34.99359,34.75081,34.75081
00213.png,54.457092,54.457092,56.26342,57.920525,57.039406,56.15829,56.180435,56.202583,57.641457,58.788822,59.467934,60.147045,59.492928,59.095375,59.095375
00216.png,53.123936,53.123936,55.824066,57.77499,59.141983,60.519157,61.858383,63.20779,65.02888,66.84996,67.82663,68.80329,70.21809,71.87235,71.87235
00218.png,11.893837,11.893837,15.321579,16.905846,16.517002,15.706577,15.575813,15.445057,17.044456,18.643848,17.714214,16.784569,16.89259,14.771439,14.771439
00220.png,140.98141,140.98141,138.06888,135.88515,134.69089,134.0659,133.44023,132.81456,132.53578,132.25697,133.46054,135.57544,136.62976,139.09021,139.09021
00224.png,89.39984,89.39984,83.54411,81.73002,80.04802,77.75603,80.105835,81.76689,82.68377,83.841255,81.7831,79.00055,77.02494,75.12837,75.12837
00230.png,76.905334,76.905334,74.443,73.26609,70.82098,68.03541,67.12971,66.224,66.22146,66.21892,66.95795,67.69699,68.312065,69.54094,69.54094
00233.png,105.42592,105.42592,104.25968,103.86777,102.99967,102.13156,99.86493,97.67082,95.39619,93.12156,91.77487,90.99262,90.981705,90.873856,90.873856
00240.png,43.546703,43.546703,44.87967,46.224174,46.14442,46.219574,45.25743,41.160103,38.493477,34.956116,31.368046,28.029526,28.324154,28.154713,28.154713
00249.png,7.7872543,7.7872543,10.685421,12.822464,13.38673,13.951031,13.006248,12.049683,11.673508,11.297348,11.598343,11.906338,12.716347,12.578018,12.578018
00254.png,79.31476,79.31476,79.97953,81.38591,81.61905,81.90716,82.08063,82.2541,82.56887,82.74276,82.370735,82.072914,82.02933,81.46964,81.46964
00259.png,79.01354,79.01354,80.729576,81.73862,80.03352,77.66692,75.45398,73.35411,73.415535,73.47696,74.193825,74.91069,75.217766,76.40768,76.40768
00262.png,45.460457,45.460457,47.85414,50.248474,52.342064,54.022865,55.98526,57.947655,57.89248,57.837303,57.008118,56.178944,54.787567,53.25595,53.25595
00273.png,135.85883,135.85883,134.56659,134.81364,136.14561,137.71918,137.00244,136.47162,133.04625,129.9467,126.182915,122.98439,118.92778,116.01987,116.01987
00279.png,18.414806,18.414806,18.490696,18.521973,25.651035,33.581543,44.904152,57.540962,59.803993,61.18794,51.55351,42.47722,42.238956,41.695164,41.695164
00292.png,77.1517,77.1517,75.98469,74.88313,72.82228,70.82688,70.77887,70.73542,67.87068,65.81714,65.11922,64.4213,63.23944,61.02442,61.02442
00293.png,47.37554,47.37554,49.71627,51.878487,53.909706,54.54353,54.951885,55.360214,56.14843,56.864456,56.458614,54.89068,52.76915,50.64763,50.64763
00295.png,49.76435,49.76435,46.940025,43.92673,43.81889,43.711056,43.857483,44.00393,45.247578,45.903458,48.426216,50.460083,50.794174,52.553192,52.553192
00296.png,49.18274,49.18274,48.222008,47.316658,47.96066,48.604652,47.740425,46.876198,46.19091,45.001343,44.52057,44.039783,44.82635,45.43087,45.43087
00300.png,88.20469,88.20469,86.78898,85.68826,83.471245,81.23649,80.57391,79.97982,78.013084,76.12355,74.366165,72.63524,72.24778,71.86015,71.86015
00322.png,55.443443,55.443443,56.14302,56.587128,58.53457,60.053833,62.179047,64.345436,67.76325,70.62193,72.36425,74.11232,75.12852,76.6201,76.6201
00325.png,83.07875,83.07875,81.8884,81.81488,81.82459,81.81677,81.759,81.48482,80.88126,80.27419,81.90213,83.728874,86.42337,90.05373,90.05373
00331.png,45.897644,45.897644,46.286446,46.78826,47.47158,48.078056,48.06923,48.060402,48.590958,49.121506,48.82753,48.53353,48.3041,46.86607,46.86607
00339.png,65.49487,65.49487,65.85698,65.88599,66.72324,67.997826,70.858116,73.876045,78.10235,83.96614,88.53612,92.90738,95.92608,101.23486,101.23486
00341.png,50.20806,50.20806,53.65908,55.639175,58.16901,60.69886,61.70372,62.708588,62.743168,62.777744,61.236122,59.6945,59.57653,59.35561,59.35561
00344.png,96.01577,96.01577,95.58504,94.989334,94.56268,93.95177,92.738785,91.52579,89.19128,87.031906,84.328735,81.96113,79.50703,76.54118,76.54118
00351.png,70.76353,70.76353,70.722984,70.69293,70.05998,69.79447,70.08479,70.3815,70.06647,69.62168,70.62284,71.99777,72.917725,74.07828,74.07828
00352.png,47.395508,47.395508,48.26451,47.8134,49.397438,50.948364,53.122154,55.299675,56.83731,58.378704,58.68664,58.998314,59.784664,60.483406,60.483406
00359.png,47.8258,47.8258,48.58426,49.27597,51.214333,52.723648,54.8188,56.74988,58.39538,60.040882,60.783657,61.526436,64.96466,68.415924,68.415924
00363.png,106.95227,106.95227,108.63231,110.66557,111.76778,113.519356,115.73994,117.960495,119.605354,121.2502,122.58691,124.376854,128.96065,136.11407,136.11407
00373.png,59.61703,59.61703,63.566933,66.15687,67.24869,68.34051,67.42546,66.51042,63.20324,59.896065,57.822388,55.77867,55.20896,53.942307,53.942307
00377.png,74.02397,74.02397,75.00423,76.05914,77.288895,78.61644,81.47078,83.7779,85.60472,88.83604,92.085655,95.46697,97.57877,100.09648,100.09648
00380.png,92.85475,92.85475,91.15579,89.67424,88.01992,86.34701,83.40458,81.05073,81.39818,81.653336,81.17245,81.035286,81.94714,82.60777,82.60777
00395.png,112.03287,112.03287,106.871765,104.23858,103.02833,102.13003,100.04186,98.29677,96.57707,94.82319,92.57659,90.50793,87.42802,84.32892,84.32892
00401.png,18.679409,18.679409,22.325378,25.156925,24.571617,23.864647,24.097218,24.3298,24.566296,24.613747,24.001537,23.702084,22.857296,19.386616,19.386616
00407.png,33.966698,33.966698,37.234524,40.11633,44.615425,48.986008,51.321785,53.073578,53.422455,53.771313,55.067543,56.36377,57.58674,59.510353,59.510353
00408.png,99.08965,99.08965,94.56872,91.83125,91.18112,91.039215,92.71022,94.14372,94.7675,95.39129,95.33719,95.68643,95.34134,95.69666,95.69666
00409.png,80.79475,80.79475,76.95118,75.25249,73.29115,71.32982,69.40716,66.938194,64.449135,61.975304,59.993958,57.129288,56.227295,55.38817,55.38817
00413.png,54.124817,54.124817,55.49044,56.204338,55.702137,55.199936,57.3006,59.455086,60.802208,62.149326,62.393047,62.228348,63.89559,65.16721,65.16721
00415.png,81.15268,81.15268,82.862564,84.78837,85.284706,85.74021,86.20393,86.79977,86.60155,86.40281,85.640076,84.877335,83.02237,80.32573,80.32573
00416.png,71.173164,71.173164,68.01584,66.305984,63.07715,59.42686,57.24678,55.0667,53.000767,50.934834,50.539547,50.14427,52.730705,55.727077,55.727077
00424.png,68.25413,68.25413,65.98769,64.76192,65.36498,66.074234,65.71795,65.46785,63.90079,62.333733,60.828545,59.32336,58.331905,56.507362,56.507362
00425.png,25.335957,25.335957,22.058651,17.882084,16.196259,14.510426,16.032265,17.203117,17.483883,17.734432,21.2897,24.550396,25.963612,25.931591,25.931591
00429.png,69.3574,69.3574,65.23473,61.740227,59.846058,57.61022,56.530083,55.44994,55.082638,54.602943,52.30456,49.81518,49.74846,49.231712,49.231712
00430.png,19.723797,19.723797,20.380463,19.663734,18.782581,17.901443,16.699512,15.4975815,16.112316,16.72704,16.45272,16.178394,16.824543,16.201107,16.201107
00436.png,85.841644,85.841644,83.14166,79.67873,76.2267,72.65821,68.96216,65.25398,63.120186,60.98638,59.774128,57.902023,56.00238,54.165413,54.165413
00438.png,94.12009,94.12009,93.06649,91.8067,89.41873,87.7454,87.264046,86.68777,86.11804,85.503136,86.26475,87.112206,88.132256,89.765274,89.765274
00450.png,64.86569,64.86569,65.70042,66.088135,66.41653,66.74491,66.456955,66.149925,65.713036,65.27616,64.86692,64.762985,64.56984,63.916893,63.916893
00452.png,48.049606,48.049606,47.109264,45.319458,45.20607,45.0731,44.19509,43.317074,42.71718,42.072495,40.62624,39.179966,39.71172,40.191925,40.191925
00454.png,27.721344,27.721344,27.15931,25.19025,25.182629,25.175026,27.421318,29.666645,28.975487,28.284317,29.302803,30.321312,30.991879,30.432598,30.432598
00458.png,63.996918,63.996918,66.11807,67.69581,68.92796,69.93654,70.88247,71.82841,73.25955,74.772224,76.37178,78.236046,79.20423,80.477135,80.477135
00464.png,63.094902,63.094902,64.57882,66.14342,67.08429,68.02516,68.493,68.52048,69.73576,70.951065,72.85037,74.77027,75.82041,77.72033,77.72033
00471.png,13.513939,13.513939,13.70274,13.930794,12.289215,10.647644,10.244049,9.42136,7.897606,3.672943,-0.45170593,-5.0130005,-8.349274,-14.7896805,-14.7896805
00473.png,101.31297,101.31297,102.78549,104.98561,106.58047,107.98306,109.04706,110.11104,108.17491,105.82833,102.99347,100.94453,98.62338,96.802124,96.802124
00476.png,96.795525,96.795525,98.370926,98.49415,99.32797,100.138794,100.07836,100.36214,99.295074,98.374626,98.85201,99.36763,101.40214,105.03862,105.03862
00491.png,86.06183,86.06183,84.99151,84.17997,84.15477,84.12957,83.91397,83.67304,82.182816,80.46029,79.37225,78.43494,78.1095,77.73318,77.73318
00492.png,72.99546,72.99546,72.02627,71.28077,70.877556,70.51792,69.74693,68.62238,67.023056,65.42372,64.25146,63.079193,63.422688,63.651154,63.651154
00499.png,73.68533,73.68533,74.61156,74.80379,74.23608,73.668365,74.681015,75.45145,74.62453,73.75117,70.75972,67.4268,66.33804,64.75399,64.75399
00505.png,21.914463,21.914463,20.183083,17.146606,16.264862,15.383167,14.25264,12.988308,12.124027,11.273136,8.710129,5.936554,6.73526,7.4826126,7.4826126
00508.png,104.038925,104.038925,103.05076,102.15318,101.658615,101.14996,100.70925,100.6154,101.305786,102.18551,102.906555,103.96561,102.67944,100.944824,100.944824
00511.png,89.24615,89.24615,88.10168,86.635704,85.84223,85.0314,85.06832,84.84996,85.58011,86.26567,86.14321,85.95031,86.704956,87.00272,87.00272
00514.png,74.23413,74.23413,74.617226,74.89154,74.42855,74.28867,75.25676,76.21701,76.13953,76.06204,75.31067,74.673775,74.26321,74.23329,74.23329
00519.png,85.361435,85.361435,85.268425,85.516464,86.05103,86.599106,87.53474,88.51749,88.309746,88.10276,85.59608,83.0629,82.591705,82.107445,82.107445
00521.png,78.76799,78.76799,77.76215,76.34264,75.915436,75.488434,74.86793,74.24742,73.08648,71.927376,71.5392,71.15102,69.83469,67.78795,67.78795
00524.png,104.264725,104.264725,102.94889,101.699234,99.95633,98.47451,96.263145,94.114975,94.254005,94.39304,95.12337,96.00343,97.39363,100.38228,100.38228
00525.png,64.71439,64.71439,63.266808,61.660034,60.102715,58.600815,56.09502,53.60907,53.289566,52.970055,50.58783,48.205597,47.365074,45.38379,45.38379
00531.png,27.199413,27.199413,26.791908,24.275166,24.358498,24.441822,23.818272,23.19384,22.913502,22.632324,25.928638,29.094696,31.6722,33.990986,33.990986
00534.png,66.05564,66.05564,66.391556,66.81585,67.418205,68.02057,68.38017,68.75745,68.17002,67.58258,69.68486,72.73853,74.07929,75.46302,75.46302
00537.png,59.67228,59.67228,59.679497,59.845387,59.921158,59.996914,59.770214,59.337532,59.46435,59.385193,57.680336,55.975487,54.61206,53.248627,53.248627
00543.png,91.31932,91.31932,92.56386,93.09059,93.741165,94.39173,94.81322,95.2347,95.92067,97.27585,98.71328,101.641945,106.39511,112.714676,112.714676
00545.png,70.987335,70.987335,69.75513,68.84671,67.239685,65.632645,66.19893,66.76522,67.210625,67.65603,66.05535,64.45468,64.873764,65.57035,65.57035
00546.png,53.51557,53.51557,55.564194,56.440483,56.520412,56.600334,59.99836,63.396378,65.73813,67.98538,70.37453,72.86583,75.4788,77.66924,77.66924
00548.png,13.191208,13.191208,19.352169,24.163277,24.846313,25.544983,32.76491,42.474705,45.040833,46.882545,41.51089,37.21162,36.299763,34.448895,34.448895
00554.png,40.336067,40.336067,38.632195,36.98931,36.195316,35.401333,34.348217,31.851383,29.33414,26.816906,25.7099,24.602894,24.436996,24.271103,24.271103
00557.png,113.15874,113.15874,113.150375,113.51514,112.87575,112.64967,112.430435,112.460815,111.87532,111.28099,110.60515,110.195114,112.27536,114.355606,114.355606
00561.png,139.72345,139.72345,138.9916,140.94533,140.88123,140.99023,139.50296,138.00046,138.54129,139.07916,139.62056,140.29776,140.58463,142.10344,142.10344
00564.png,85.41969,85.41969,84.84693,84.525055,83.29201,82.02553,82.65887,83.292206,82.307365,81.322525,80.58997,79.86264,78.3306,77.46225,77.46225
00576.png,6.466942,6.466942,5.200218,2.0400543,0.8126526,-0.3763733,0.9523697,2.281105,2.1381683,1.9952316,2.8042297,3.2924194,6.5925217,8.843113,8.843113
00593.png,54.6459,54.6459,53.563644,51.50837,51.700844,51.89332,53.003822,54.150295,54.87162,55.59346,57.189987,58.793163,57.72808,56.663002,56.663002
00596.png,21.908543,21.908543,22.1954,21.750515,21.502686,21.254875,22.380154,23.50544,24.881886,26.254517,26.548897,26.81099,28.051823,29.292648,29.292648
00599.png,102.4885,102.4885,108.60954,112.916595,120.80322,127.08655,123.13128,119.36638,110.254814,101.60488,96.881996,91.14207,87.90878,82.68077,82.68077
00600.png,109.03897,109.03897,110.30316,110.84544,110.076324,109.3072,110.24559,111.18399,112.20122,113.218445,113.52446,114.28072,115.62547,117.43748,117.43748
00607.png,84.214294,84.214294,82.924034,81.814285,82.63189,83.449486,84.89948,86.34947,88.10092,89.5612,89.95727,90.8538,90.26932,89.011154,89.011154
00621.png,47.374184,47.374184,42.80174,38.569992,44.60121,50.676834,46.43887,42.21438,32.694397,23.31731,20.583328,17.961735,27.99118,38.592598,38.592598
00622.png,29.463856,29.463856,31.606266,33.73397,35.124928,36.515884,37.520435,38.491447,38.74025,38.987125,39.80685,40.42244,41.18126,41.940086,41.940086
00624.png,141.65678,141.65678,138.96124,137.15384,135.15771,134.4882,135.3792,136.2702,135.354,134.43164,136.12355,138.3868,138.26372,139.79352,139.79352
00627.png,80.610535,80.610535,80.42847,80.12002,79.586365,79.05271,79.39803,79.74335,80.72774,81.7391,82.00258,82.34865,83.11198,84.41655,84.41655
00640.png,64.226524,64.226524,65.10257,66.18323,68.327225,70.471214,70.134865,69.80769,70.261734,70.7091,71.26985,72.568085,74.70158,77.356415,77.356415
00641.png,67.294266,67.294266,66.28319,65.03617,63.977802,62.919434,62.90692,62.85573,65.67567,68.50416,71.605484,73.698685,73.836235,74.35641,74.35641
00664.png,98.94345,98.94345,101.90799,104.21898,104.964005,105.98329,106.70761,107.431946,107.92731,108.88994,110.14929,111.452835,113.54535,116.07511,116.07511
00669.png,124.31206,124.31206,125.883575,126.64078,128.94942,131.35468,133.3233,135.2952,134.45697,133.61874,132.06609,130.53983,128.83145,128.50952,128.50952
00672.png,137.98523,137.98523,138.14116,139.49608,139.34018,139.16649,137.44751,135.73254,133.93349,132.14078,130.35057,128.21439,130.09914,132.85025,132.85025
00673.png,50.199207,50.199207,50.425095,49.303444,47.69818,46.0929,45.73065,45.36841,47.511696,48.855816,50.234474,51.613132,53.561417,55.612904,55.612904
00687.png,77.08205,77.08205,75.956665,76.05124,74.00119,71.95114,69.98117,67.869225,66.76149,65.653755,63.947372,62.240993,59.08024,55.533684,55.533684
00690.png,82.46165,82.46165,83.04608,83.7755,84.55224,85.32899,86.34004,87.42772,87.937195,88.7001,90.244514,91.55554,92.0355,92.71835,92.71835
00693.png,69.199554,69.199554,69.01483,68.95384,67.12044,65.309525,67.41888,69.5323,70.76894,71.780304,73.24044,75.16888,77.70913,80.41876,80.41876
00699.png,117.40161,117.40161,117.55412,118.08124,118.43773,118.80812,118.863716,118.91522,118.284805,117.65441,116.48564,115.316864,113.961334,113.20362,113.20362
00700.png,64.94136,64.94136,66.943695,69.09346,68.64971,68.20597,67.22436,66.242744,66.84341,67.48117,68.47364,69.4661,70.34488,72.43686,72.43686
00701.png,67.7852,67.7852,69.18585,70.490074,71.0424,71.59472,71.11493,70.63514,71.08451,71.533875,72.53234,73.5556,76.37048,80.10238,80.10238
00702.png,45.762276,45.762276,47.241364,48.55922,50.363586,51.385033,53.01989,54.65474,56.43162,58.208504,59.22521,60.241913,60.877277,60.97007,60.97007
00707.png,55.882652,55.882652,56.265457,56.575825,56.61324,56.650658,56.560013,56.46937,56.63022,56.674747,56.441986,56.056282,54.993576,53.774254,53.774254
00708.png,113.521805,113.521805,109.88696,108.09833,105.99181,104.39859,102.88567,101.37276,102.44277,103.7184,104.81721,105.90959,104.49463,104.54918,104.54918
00714.png,38.52364,38.52364,38.582237,38.139717,38.874897,39.610085,39.200733,38.409046,39.25829,39.91389,40.214592,40.58032,41.473015,42.05793,42.05793
00717.png,66.567215,66.567215,64.99341,63.595486,62.03911,60.482735,59.44858,58.44411,56.554142,54.355995,52.23254,49.40622,48.151863,47.172318,47.172318
00733.png,103.798706,103.798706,101.46582,99.77889,99.617836,99.45677,99.39024,99.323715,97.9964,96.66908,96.23259,96.25798,95.24258,94.165245,94.165245
00739.png,11.133217,11.133217,14.162998,15.278954,15.932938,16.586895,16.254372,15.921867,16.41774,16.913612,17.163792,17.413967,19.761349,21.717033,21.717033
00744.png,49.29767,49.29767,51.239662,51.888985,52.648567,53.408154,51.854706,50.301254,48.28956,46.277374,45.929634,45.58191,46.03769,45.73532,45.73532
00749.png,88.34611,88.34611,86.28458,84.4438,83.94582,83.45201,82.98125,82.51048,82.71705,82.923615,83.46049,84.14139,82.633194,80.85001,80.85001
00750.png,64.382484,64.382484,66.072075,67.03486,67.791626,68.19178,68.17929,68.203384,68.06387,67.96063,67.2172,66.47378,65.16816,63.90388,63.90388
00756.png,72.50283,72.50283,73.525826,74.64273,75.20508,75.76743,76.434265,77.16275,78.63792,80.687004,82.94844,84.98379,85.785225,86.73307,86.73307
00762.png,144.18192,144.18192,141.74011,141.21973,138.00261,135.07034,133.68845,132.47379,133.97028,135.46675,137.21632,139.69705,141.4714,144.21854,144.21854
00765.png,25.166931,25.166931,25.141315,24.974743,25.863132,26.412209,29.62518,32.838177,34.800568,35.48784,36.52914,37.570435,39.751324,41.9125,41.9125
00772.png,117.68822,117.68822,117.91533,118.01499,115.82599,113.669914,114.27074,114.78237,116.84761,118.90232,121.57926,124.17903,124.262405,124.23469,124.23469
00775.png,99.17287,99.17287,99.24,98.89221,98.62962,98.33992,98.88522,99.43051,99.688225,99.93872,100.132576,101.071,101.81834,103.44238,103.44238
00776.png,5.194008,5.194008,2.0177383,-0.8538971,-0.8507538,-0.84760284,0.35407257,1.5557556,3.5268097,5.3916855,9.374363,13.21719,15.90551,18.116302,18.116302
00777.png,31.801159,31.801159,30.167736,28.548008,28.853165,29.158333,27.59364,25.86684,22.188873,18.510925,15.984623,13.45834,12.5119095,11.565475,11.565475
00789.png,103.96812,103.96812,103.12187,101.58777,102.18567,103.12401,103.791565,104.25589,103.81674,103.580376,100.89984,98.18343,94.71035,90.12301,90.12301
00792.png,100.42088,100.42088,99.60278,98.96025,97.49141,96.02257,95.17514,94.27092,94.39021,94.45273,94.48091,94.50911,94.1268,94.08386,94.08386
00796.png,107.253815,107.253815,108.07128,108.774765,109.233444,109.778534,107.83635,105.86542,105.82471,105.784,105.45813,105.484146,103.48166,101.8607,101.8607
00799.png,57.758446,57.758446,55.067764,52.12335,51.062603,50.001858,50.216606,50.431366,51.764225,53.09711,54.59978,56.102463,57.471375,58.873276,58.873276
00804.png,111.450836,111.450836,109.88654,108.82916,108.51258,108.824844,106.412186,103.96662,101.86519,100.05841,99.13159,98.6317,98.20683,97.29078,97.29078
00808.png,92.40311,92.40311,92.82096,92.90521,94.33532,96.1214,98.94087,101.760345,103.82102,107.00394,108.13417,111.13169,112.264725,113.39777,113.39777
00826.png,77.21305,77.21305,76.970184,77.29503,76.51038,75.74155,74.92483,74.11522,73.067345,72.04569,71.12683,70.27026,69.95782,69.82692,69.82692
00827.png,65.93412,65.93412,68.06972,69.94446,69.21795,68.50592,67.444496,66.651726,65.15431,63.6569,60.400047,57.16638,54.32566,49.10802,49.10802
00837.png,139.00606,139.00606,138.23483,138.56992,139.75293,141.29828,143.00403,144.88283,150.86945,158.02167,160.09918,162.20026,161.6362,161.06573,161.06573
00842.png,64.16412,64.16412,61.924057,59.828156,57.11284,54.397533,54.12292,53.894753,54.931244,56.008312,56.609856,57.211395,58.607082,60.58126,60.58126
00848.png,71.16663,71.16663,72.508484,73.16642,74.43274,75.69906,78.933014,82.0029,85.60707,90.34671,92.970505,95.37155,95.37864,95.169655,95.169655
00852.png,77.813324,77.813324,77.483055,78.40551,78.69042,78.97534,77.353065,75.73079,74.66628,73.601776,75.067696,76.59296,76.78356,76.84748,76.84748
00855.png,82.5819,82.5819,80.526924,79.08023,78.98446,78.88695,78.264435,77.800674,76.99863,76.19658,76.73691,77.28105,77.71493,78.27354,78.27354
00861.png,28.081509,28.081509,24.308311,20.139992,18.347725,16.555435,16.639835,16.663227,16.63702,16.092648,15.1793785,14.266102,14.305862,13.981422,13.981422
00866.png,83.69817,83.69817,84.99949,86.10768,87.283325,88.310776,88.98624,89.75728,88.4323,87.40401,87.79903,88.330536,88.14434,87.958145,87.958145
00868.png,111.371,111.371,111.5657,111.09834,113.91705,116.938446,116.554535,116.18526,116.16958,116.22604,117.57895,118.8298,119.48454,120.13929,120.13929
00871.png,78.28653,78.28653,78.53667,79.72854,79.63219,79.4052,76.21687,73.023994,70.55925,68.486435,66.844345,65.20225,63.523468,62.304253,62.304253
00874.png,57.199684,57.199684,56.333122,55.77118,55.911224,56.051273,55.24977,54.44362,53.506195,52.568764,52.23192,51.895073,52.99202,54.08897,54.08897
00877.png,103.54866,103.54866,104.6227,104.94378,104.25687,104.062004,101.72405,99.51808,97.204994,95.176544,93.685005,92.31458,91.136734,90.821884,90.821884
00883.png,86.09553,86.09553,84.23836,83.025345,81.98073,81.08215,79.89444,78.40852,79.85023,81.47896,84.01314,86.52409,87.39807,88.56538,88.56538
00885.png,42.5497,42.5497,45.656273,46.71087,47.560146,48.407845,47.654434,45.982925,45.61516,44.832565,45.916473,47.00038,50.03223,53.07893,53.07893
00893.png,64.2715,64.2715,63.987213,63.971703,64.86386,65.75602,65.556725,65.35742,66.105484,66.89366,68.41208,69.9305,70.26563,69.833176,69.833176
00896.png,87.941864,87.941864,90.53054,91.98206,93.19914,94.46405,93.99628,93.53595,91.09231,88.889496,87.58976,86.07031,83.88628,82.12738,82.12738
00899.png,81.59229,81.59229,81.76118,80.93092,81.14515,81.47785,82.4892,83.50054,82.99252,81.99367,81.78457,81.57548,82.738495,84.17546,84.17546
00903.png,82.51515,82.51515,83.47983,85.038086,86.895325,88.71089,85.86997,83.029045,82.56317,82.097305,81.94196,81.80795,84.60238,87.17052,87.17052
00904.png,58.646076,58.646076,56.719833,55.107403,55.744537,56.215603,56.439117,56.662636,57.467346,58.272068,60.31483,62.60991,63.322582,64.045685,64.045685
00907.png,51.23088,51.23088,49.5932,47.50132,44.54402,41.586754,40.845688,39.937305,39.67495,38.781025,39.754356,40.77972,43.38607,46.02455,46.02455
00924.png,86.29741,86.29741,88.03602,88.81264,88.52864,88.265976,87.79849,87.352325,85.62429,83.79595,82.09204,80.61165,81.70404,82.85761,82.85761
00926.png,102.93808,102.93808,103.68794,104.50655,104.05294,103.62254,103.27182,102.860146,101.75771,100.65527,98.800934,97.23957,95.17366,92.1642,92.1642
00927.png,79.08493,79.08493,78.78866,78.72897,77.79232,77.08482,76.22308,75.41155,75.88025,76.481186,78.02713,80.336876,81.103676,81.870476,81.870476
00936.png,48.948982,48.948982,48.625282,47.94287,48.41456,48.886223,48.82416,48.762108,49.003258,49.24443,50.44126,51.970966,52.341225,52.426136,52.426136
00939.png,67.95091,67.95091,67.58705,67.5065,67.95988,68.44186,68.2593,68.10535,68.01566,67.95128,68.85142,69.78115,72.634254,76.43591,76.43591
00943.png,110.46667,110.46667,107.989395,106.449524,104.603806,103.29868,102.50986,101.41778,100.7849,100.15201,101.137474,103.668724,106.909805,110.50355,110.50355
00948.png,51.86371,51.86371,53.229126,52.814285,52.90063,52.986984,52.15265,51.31833,49.30468,47.291023,46.367477,45.53375,43.709503,40.948425,40.948425
00949.png,85.976,85.976,84.999756,84.225006,83.75872,83.292435,84.69992,86.37445,87.71771,88.89314,88.68765,88.48217,87.90747,87.56808,87.56808
00951.png,93.05297,93.05297,94.42176,94.79272,95.94069,97.08866,97.33548,97.58228,97.03656,96.49083,95.97835,95.908226,95.06552,94.21256,94.21256
00972.png,95.52025,95.52025,95.649994,96.162094,96.34102,96.269745,97.06397,97.62184,96.43327,95.284676,94.51982,93.70656,92.98749,92.53415,92.53415
00974.png,60.841484,60.841484,61.103485,60.531105,60.396297,59.67701,59.324203,58.948906,61.02935,63.907707,64.64954,65.59203,63.896503,62.262466,62.262466
00983.png,70.28523,70.28523,70.44489,71.15394,72.137764,74.05371,74.21663,74.4057,73.593796,72.80214,71.36698,70.75881,69.74086,68.92262,68.92262
00984.png,70.97935,70.97935,71.22821,72.13489,71.71775,71.300606,67.68912,64.193085,62.281837,60.383457,59.38149,58.02932,56.232666,54.68406,54.68406
00989.png,69.38966,69.38966,66.65091,63.932316,63.59074,63.24916,62.56575,61.88233,60.675117,59.265316,57.811214,56.357117,54.845306,52.824593,52.824593
00991.png,91.42709,91.42709,92.39396,92.70123,94.122795,95.814896,96.88215,97.94941,98.37648,100.25618,101.56095,103.12221,105.6018,109.63266,109.63266
00993.png,15.664841,15.664841,12.748447,10.061722,10.79364,11.525558,11.843586,12.161633,13.682911,15.204201,18.61441,22.141132,21.28432,20.426556,20.426556
00997.png,116.61109,116.61109,117.56731,118.7961,118.44981,118.1555,118.124344,118.08688,119.01152,119.91768,120.09149,120.29992,122.044106,125.301605,125.301605
01003.png,88.492775,88.492775,87.11275,86.8948,84.30754,81.427536,79.330536,77.25294,77.46582,77.68065,76.68393,75.78529,73.49277,70.665436,70.665436
01004.png,71.96872,71.96872,71.10945,70.83043,68.52724,66.22404,65.02832,63.832603,62.90446,61.976315,62.65302,63.373577,64.26248,64.22236,64.22236
01006.png,57.012863,57.012863,55.48889,52.291153,51.829075,51.36699,51.51482,51.662643,51.748344,51.83402,52.75569,53.677338,54.458565,53.71676,53.71676
01007.png,75.777885,75.777885,76.70625,77.782555,77.30325,76.82951,75.972755,75.12566,77.76537,80.91443,82.49754,83.745,85.65521,88.39541,88.39541
01008.png,97.26692,97.26692,97.91167,98.03215,98.51257,98.993004,98.46065,97.93174,96.32876,94.72579,95.18533,96.13612,97.99325,99.70999,99.70999
01021.png,102.16455,102.16455,103.35572,104.01743,106.98532,110.02428,111.069374,112.06642,112.2073,112.348175,112.21515,112.08212,110.95809,110.65779,110.65779
01025.png,50.7535,50.7535,51.22467,51.84427,51.31637,50.576046,50.34909,50.033417,50.068237,50.09913,50.590824,51.32315,52.692963,54.06278,54.06278
01028.png,71.567726,71.567726,69.00247,66.747765,65.57235,64.39693,64.71253,65.0304,66.19093,67.43315,70.652306,74.7041,80.10205,86.859024,86.859024
01029.png,50.680595,50.680595,55.259502,57.213608,59.824844,62.43609,62.716923,62.997757,62.43051,61.863262,61.843903,61.988773,61.979042,61.478203,61.478203
01043.png,96.410706,96.410706,97.92883,98.66109,99.087524,99.58276,99.39354,99.18237,100.26871,101.31111,101.965324,102.9703,103.00128,103.647484,103.647484
01046.png,60.618515,60.618515,56.862926,52.91375,52.546257,52.178772,52.838757,53.498734,52.33493,51.171135,49.492493,47.17287,44.403465,41.63406,41.63406
01055.png,88.952484,88.952484,89.44619,89.24292,88.0516,86.86027,87.45651,88.05276,87.40399,86.77969,85.300804,83.790016,83.036354,82.269485,82.269485
01056.png,74.6808,74.6808,74.22061,74.01356,72.63454,71.26548,70.87674,70.488,70.19168,69.85489,69.43025,69.00561,69.90993,71.40183,71.40183
01062.png,132.6094,132.6094,131.76141,131.10869,130.4934,129.90903,129.46524,129.02551,129.6962,130.41537,129.7919,129.21109,127.44446,127.35762,127.35762
01065.png,69.6716,69.6716,71.80473,73.40648,73.686554,73.96664,73.98797,74.0093,74.30824,74.614944,74.179016,73.74309,73.36562,73.49512,73.49512
01074.png,54.724213,54.724213,54.158524,53.16214,53.16648,53.170822,51.70203,50.233242,50.62497,51.016716,50.205914,49.395123,48.788177,48.00585,48.00585
01099.png,91.91817,91.91817,94.57865,97.54526,98.98604,100.4022,100.07531,99.74842,98.35811,96.96782,94.43967,91.91153,90.723465,88.200966,88.200966
01100.png,35.239372,35.239372,38.08785,38.42438,38.27802,38.13166,37.77567,37.41965,37.08449,36.74933,36.826492,36.707237,37.157433,37.545586,37.545586
01102.png,65.704735,65.704735,66.20647,66.95197,68.50431,70.05664,70.49649,70.73988,71.07405,71.21176,69.40572,67.5997,65.29795,62.99861,62.99861
01104.png,69.68931,69.68931,67.82384,66.29596,66.15491,66.013855,65.29021,64.56655,63.827263,63.087975,63.583008,64.07805,64.27401,64.06914,64.06914
01113.png,79.15634,79.15634,80.58528,81.20227,81.38202,81.46235,82.315834,83.19602,82.55752,81.74008,80.321625,78.80341,79.092766,79.5427,79.5427
01117.png,70.186165,70.186165,68.02188,66.529274,66.39764,66.425835,67.21161,68.07643,70.3798,72.69455,76.157974,79.69972,80.945625,82.19153,82.19153
01119.png,86.38687,86.38687,86.459404,87.36686,85.94576,84.46119,83.45399,82.513916,83.504456,84.44417,86.012245,88.02378,87.89226,87.87045,87.87045
01120.png,141.37984,141.37984,140.80573,141.18318,140.64966,140.49466,141.66312,143.02974,145.08344,147.13713,146.24329,145.34944,145.38477,146.48407,146.48407
01122.png,75.15575,75.15575,74.89457,75.118065,76.63587,78.15368,79.32042,80.63581,80.485664,80.30895,79.72391,79.13356,78.479904,77.85413,77.85413
01123.png,95.93588,95.93588,93.75305,92.20401,90.854866,89.41205,88.99513,88.484535,90.06558,91.628265,92.57324,93.43907,93.05998,92.76096,92.76096
01138.png,88.685715,88.685715,87.80462,87.92711,88.46958,89.010414,89.523575,90.30642,91.10454,91.902664,93.69498,95.55917,96.11092,96.662674,96.662674
01150.png,68.887596,68.887596,67.030754,66.27591,65.5033,64.73069,64.4443,64.15789,66.24748,68.38954,70.67447,72.96554,75.02979,77.517685,77.517685
01160.png,54.74739,54.74739,57.515106,59.936226,60.73112,61.525093,62.43122,63.33642,63.105785,62.875156,62.94645,63.01774,66.70219,71.1511,71.1511
01166.png,106.00256,106.00256,103.28227,101.02173,97.9427,94.86368,93.45091,91.777336,89.956406,88.17281,87.55465,86.99005,86.55145,86.230606,86.230606
01174.png,51.508743,51.508743,55.402992,60.36843,59.230927,57.992393,58.20808,58.42378,60.14953,61.78409,61.07,60.826775,61.019115,61.017944,61.017944
01183.png,30.913174,30.913174,31.82756,32.97823,32.173916,30.891842,29.896355,28.759163,28.6912,28.568825,27.653183,26.716381,27.553932,27.658367,27.658367
01196.png,53.040474,53.040474,53.211704,52.24417,53.063995,53.883827,55.07772,56.2943,56.588955,56.588875,54.574234,52.242172,50.198326,47.938026,47.938026
01212.png,47.893013,47.893013,49.20276,49.529816,49.403557,49.210873,48.81899,48.427113,48.605026,48.494812,48.3146,48.41208,49.138466,49.081657,49.081657
01216.png,71.60938,71.60938,67.864204,64.36998,63.880646,62.794933,61.308704,59.822464,58.543236,57.294636,56.262024,55.22941,54.10218,53.190525,53.190525
01221.png,33.363415,33.363415,31.846073,29.352161,27.339397,25.225906,24.91642,24.271156,25.811317,27.344986,28.163574,28.745186,29.608776,30.373154,30.373154
01225.png,98.27542,98.27542,96.653915,94.38556,91.1272,87.886406,86.05965,84.23767,83.09391,81.137314,80.32146,80.25276,81.60369,83.11331,83.11331
01228.png,89.92099,89.92099,85.917046,83.30359,83.936264,84.04671,84.02864,83.99514,83.134766,82.60915,82.9152,83.12165,82.78211,82.864914,82.864914
01230.png,106.723076,106.723076,106.96559,107.27411,107.629456,107.98482,108.17757,108.34973,109.67787,111.67122,113.35861,117.18527,117.54118,117.903534,117.903534
01237.png,84.056244,84.056244,86.39481,87.88417,88.490974,89.42552,90.67993,91.705734,93.92318,96.57902,97.32184,99.131226,101.34894,103.88448,103.88448
01240.png,87.627304,87.627304,86.7573,85.924675,87.26119,88.64947,90.113556,91.59204,92.118065,92.644104,91.4369,90.03618,89.79964,90.12446,90.12446
01241.png,80.90821,80.90821,78.64994,76.7902,75.90518,75.03923,74.97125,75.0005,76.08328,77.65001,77.1563,76.66259,75.19094,74.1547,74.1547
01242.png,57.388752,57.388752,56.09356,55.033215,55.21495,55.127747,54.03091,52.934082,52.552902,52.17173,52.269478,51.747482,51.038353,49.28618,49.28618
01247.png,83.64816,83.64816,81.61826,79.75775,80.01824,80.410934,81.14563,81.880325,82.03409,82.297585,82.390175,82.228,83.19872,83.88825,83.88825
01249.png,38.218117,38.218117,36.898056,36.04628,35.253616,34.49568,33.359406,32.223133,30.10289,27.982655,27.415543,26.848427,28.569485,29.411701,29.411701
01264.png,72.6783,72.6783,69.96482,67.94682,64.25191,60.60854,58.786163,56.985725,55.173912,53.362087,52.14453,50.920387,51.06643,51.210304,51.210304
01268.png,46.043213,46.043213,45.326557,44.607952,44.38758,44.164352,47.89559,50.673744,50.44995,50.07502,49.713463,49.351906,49.695824,49.96506,49.96506
01269.png,95.280655,95.280655,97.38249,99.28433,98.44751,97.21733,95.92869,95.16736,92.55255,89.929596,87.922806,86.35556,91.60347,97.66794,97.66794
01272.png,71.91156,71.91156,72.40483,73.013756,73.3307,73.64765,73.59901,73.550354,73.92582,74.301285,73.40445,72.50761,72.167244,71.22689,71.22689
01274.png,38.52769,38.52769,41.195534,43.51445,45.42769,47.340942,50.041115,51.766525,53.224953,54.683388,54.595512,54.507633,54.819077,54.363663,54.363663
01277.png,53.229603,53.229603,54.759773,55.186165,56.976864,58.76756,60.66104,62.21756,63.429527,64.682205,65.94362,67.28402,70.13607,73.00949,73.00949
01281.png,145.84961,145.84961,145.25827,145.80069,140.4432,135.69284,132.51259,129.43819,129.08154,128.7048,129.55196,131.32225,133.47632,136.78339,136.78339
01284.png,49.333508,49.333508,50.528507,51.662636,52.684303,53.3384,54.282433,54.87751,55.84914,56.573437,56.754665,56.868027,57.13113,56.75041,56.75041
01286.png,42.07896,42.07896,43.708176,44.507027,46.44242,48.37781,48.95903,49.54023,50.021454,50.502678,52.76996,55.037235,56.48768,58.060482,58.060482
01293.png,93.99387,93.99387,95.488495,95.99976,96.162506,96.32525,94.47917,92.6331,90.2695,87.39261,86.92498,86.45735,85.75315,85.37787,85.37787
01306.png,26.280766,26.280766,26.20206,25.975399,25.67131,25.306438,25.663944,25.854107,27.144382,28.051815,28.000725,27.356041,28.447403,29.532494,29.532494
01318.png,76.20643,76.20643,73.06887,70.12852,70.32966,70.53081,72.917854,75.41776,78.88029,81.915054,83.53746,85.70698,87.636635,89.566284,89.566284
01320.png,44.98536,44.98536,45.48166,45.965942,47.504578,48.749874,49.00222,49.20386,48.613174,47.9699,46.88115,45.407272,43.710854,42.014435,42.014435
01321.png,66.049614,66.049614,65.33372,64.29801,63.869465,62.827988,62.315784,61.803585,62.144707,62.48583,65.30389,68.15587,70.16676,72.72684,72.72684
01326.png,69.48252,69.48252,71.56545,73.01516,74.54694,76.52179,78.76035,80.93146,78.73058,76.5025,74.53993,71.32405,67.346886,62.178562,62.178562
01335.png,46.34505,46.34505,48.249565,49.338364,51.84938,54.151505,56.754383,59.286076,61.093834,62.158344,66.00701,69.85569,71.69305,74.59527,74.59527
01336.png,72.059845,72.059845,72.82987,73.64365,73.53549,73.42734,74.16082,74.9668,74.712715,74.45864,73.641,72.82336,71.47946,69.70884,69.70884
01340.png,75.995804,75.995804,74.86803,75.010155,74.80787,74.60559,74.65021,74.69482,75.44008,76.14462,75.77792,75.377,75.904335,77.18564,77.18564
01344.png,89.54959,89.54959,89.86459,90.39102,91.11526,92.03699,93.85782,95.91741,96.96411,97.88373,95.24732,92.32067,92.33094,91.96884,91.96884
01348.png,109.24434,109.24434,109.465866,108.9889,109.988655,110.98842,110.43154,110.48822,107.78192,105.075615,102.38968,101.163925,99.87393,99.95024,99.95024
01350.png,41.38569,41.38569,40.602566,39.701324,39.832657,39.964005,40.187946,40.4119,41.445183,42.47847,44.456818,46.792503,48.42592,50.059334,50.059334
01351.png,93.473206,93.473206,91.155556,88.278114,90.08222,91.81425,94.89693,98.89713,99.73736,100.57759,100.14512,99.71825,98.54147,97.48044,97.48044
01358.png,50.29354,50.29354,53.234398,54.588654,54.544224,54.509964,55.42675,56.28703,54.62966,52.972286,51.198112,48.512733,47.44362,46.47237,46.47237
01361.png,-19.753586,-19.753586,-19.057396,-19.548393,-22.521431,-25.663673,-23.826881,-21.990059,-19.88987,-17.831451,-15.423813,-13.013344,-13.301109,-13.969551,-13.969551
01363.png,102.226326,102.226326,103.842804,105.30824,104.91159,104.630196,105.100876,105.57219,106.4294,107.27851,106.59091,106.343796,106.44621,106.46581,106.46581
01373.png,99.46167,99.46167,96.15679,93.39043,91.98578,90.52357,88.514984,86.87647,85.93307,84.98966,85.84821,86.58233,87.21866,87.77457,87.77457
01377.png,53.66114,53.66114,57.15043,59.824226,61.67787,63.542908,64.88357,66.18001,68.11606,70.05656,71.823364,73.761795,76.53293,78.91403,78.91403
01381.png,63.45601,63.45601,63.827488,63.878017,65.93568,67.993324,67.73663,67.479935,66.67069,65.86145,66.89676,67.93207,68.5189,69.43055,69.43055
01394.png,48.955074,48.955074,49.220047,47.69771,46.25369,44.833088,44.63047,43.733734,42.533165,41.374462,41.602135,41.829796,41.199844,40.569893,40.569893
01395.png,120.807144,120.807144,122.51817,124.580444,125.11745,125.73243,126.21079,126.68915,126.63434,126.52048,126.95761,127.394745,127.13461,126.94574,126.94574
01397.png,-23.437126,-23.437126,-18.175674,-13.836464,-11.336853,-8.926453,-4.8151855,-0.883255,1.9540405,4.791359,5.2600327,5.7198486,5.540634,4.845932,4.845932
01398.png,88.562225,88.562225,90.36634,91.61423,93.39274,95.1954,95.922485,96.64956,95.65092,94.65228,93.719284,93.10651,94.52539,95.83209,95.83209
01400.png,48.650715,48.650715,49.50556,49.1848,50.48465,51.784477,52.18245,52.5804,53.17762,53.77484,53.16611,52.55738,53.81915,55.36551,55.36551
01403.png,92.67859,92.67859,93.17059,93.89955,95.26452,96.517235,95.833626,95.15295,94.629684,94.10642,94.244286,94.74011,94.18469,93.36421,93.36421
01405.png,50.857758,50.857758,51.874493,52.988754,52.826202,52.05767,51.344772,50.63187,50.49121,50.025536,50.61944,50.739323,49.0093,46.226326,46.226326
01411.png,85.20127,85.20127,87.50597,89.79474,92.120705,94.78121,98.19618,101.70736,103.867615,106.12471,107.43852,108.54975,108.47381,108.17503,108.17503
01416.png,66.438,66.438,66.41591,66.02558,64.034225,62.060154,60.06691,57.85271,56.640198,55.42769,54.057358,52.64078,52.746468,52.772194,52.772194
01418.png,47.31419,47.31419,46.43576,44.65991,44.01951,43.379097,47.007263,50.81476,53.059853,55.14428,56.621162,57.96335,60.447395,62.921143,62.921143
01424.png,51.954163,51.954163,52.27499,50.58696,51.130722,51.19821,51.301674,51.11149,49.87598,48.27688,47.78472,47.3022,46.630447,45.343353,45.343353
01425.png,68.313675,68.313675,67.35652,66.53817,66.96244,67.38672,67.82217,68.26136,68.133224,67.999435,67.3866,66.758354,67.351105,68.6131,68.6131
01428.png,47.513786,47.513786,46.977814,44.863556,43.30969,41.67018,38.89235,36.10984,34.856358,33.416435,34.19457,34.811333,36.59908,38.413506,38.413506
01430.png,68.9041,68.9041,69.70126,70.61122,70.69995,70.704124,72.06105,73.417984,74.09782,74.77765,74.67256,74.77788,75.144394,75.533325,75.533325
01436.png,107.39822,107.39822,108.77481,109.47544,109.42234,109.36923,109.21101,109.11858,109.45509,109.791595,111.38583,112.98009,113.9052,115.99878,115.99878
01437.png,74.229454,74.229454,72.49767,72.07481,70.70064,69.498764,66.336044,62.976578,62.13113,61.31399,61.952744,62.256214,62.442158,62.900112,62.900112
01442.png,30.205872,30.205872,30.454388,29.510818,27.3275,24.677574,24.154713,23.63187,22.824425,22.01699,20.143711,18.27042,18.923565,18.919445,18.919445
01446.png,30.982883,30.982883,30.746155,29.3564,29.318237,29.280087,31.202412,33.137936,37.744823,41.71158,45.74376,50.095245,48.836205,47.504807,47.504807
01455.png,84.58518,84.58518,85.02455,85.68232,86.21819,86.75627,87.37798,87.81531,87.992714,88.09629,88.26854,89.032265,90.71421,92.84749,92.84749
01458.png,54.110336,54.110336,56.00965,56.89999,57.09131,57.31986,56.360207,55.40055,56.398544,57.396545,59.752842,62.109146,65.102325,68.62074,68.62074
01460.png,55.92142,55.92142,56.32312,56.72639,58.444534,60.162678,60.40631,60.649952,59.19857,57.790367,56.5861,55.381836,53.988007,52.864986,52.864986
01465.png,130.95016,130.95016,129.8841,130.88474,129.8372,128.88185,128.53406,128.17429,125.78537,123.403015,120.84549,118.28038,116.354065,114.46016,114.46016
01470.png,95.52431,95.52431,97.66261,99.384476,100.805435,102.29484,102.37108,102.44733,102.49445,102.54158,102.870895,103.43571,103.73551,104.35403,104.35403
01474.png,85.50397,85.50397,85.54007,84.55572,84.727356,85.05987,84.09763,83.142,81.76551,80.36306,80.984566,82.00688,82.39008,82.41761,82.41761
01477.png,66.767265,66.767265,66.10537,65.62568,66.20613,66.810936,68.8915,70.40494,70.825645,71.24636,70.88994,70.533516,69.14808,66.877,66.877
01481.png,98.1061,98.1061,99.26097,99.50021,99.911545,100.40928,100.382675,100.356094,100.257164,100.14082,99.72573,99.60854,98.82595,98.36835,98.36835
01489.png,57.38421,57.38421,61.56013,63.768066,65.15379,66.540306,67.257545,68.22919,69.41842,70.60765,70.69538,70.78312,70.59026,70.11039,70.11039
01491.png,14.191261,14.191261,15.508556,14.666218,16.54409,18.421963,20.19598,21.899418,23.216934,24.282482,24.516167,24.749855,25.76458,24.981567,24.981567
01498.png,39.47485,39.47485,38.8912,38.554,36.751488,34.948967,33.55795,32.16694,33.57396,34.980732,35.188953,35.39537,37.16561,38.443745,38.443745
01507.png,56.489025,56.489025,53.999348,51.30069,49.79599,49.14492,48.51232,47.82795,48.77452,49.819107,50.773983,51.47393,48.460945,45.167656,45.167656
01508.png,118.65692,118.65692,126.92293,130.44101,134.64986,138.65378,146.83257,153.2856,156.05994,158.69121,159.0802,159.46924,158.73822,157.98503,157.98503
01510.png,73.56864,73.56864,73.353935,74.705864,74.9205,75.04606,76.569374,78.09268,77.88536,77.80476,76.75814,75.649,78.090744,81.58136,81.58136
01515.png,119.67091,119.67091,121.41849,122.936676,123.433655,123.92303,123.91034,123.89765,122.11964,120.34162,120.17729,120.11125,120.55457,120.99788,120.99788
01518.png,59.15973,59.15973,61.812916,63.918243,65.07816,66.23809,67.61312,69.0558,69.66902,70.28225,71.449036,72.61583,71.829216,71.77186,71.77186
01522.png,38.16313,38.16313,38.07212,37.478134,38.598545,39.716953,40.725258,40.67482,41.621613,42.098164,41.552994,40.36468,39.276546,38.1884,38.1884
01539.png,70.26599,70.26599,70.93175,71.361145,72.16551,73.007225,73.29052,73.57382,72.39786,71.61479,70.06646,68.456566,65.875305,63.514088,63.514088
01541.png,75.343254,75.343254,72.12181,70.07328,70.05124,70.06201,69.83528,69.60854,68.54917,67.489784,67.29582,67.49032,66.849754,65.73091,65.73091
01543.png,37.760788,37.760788,37.35645,36.018307,35.922375,35.826424,36.625076,37.423725,38.277676,39.131622,39.0702,39.008762,38.26505,36.27755,36.27755
01550.png,19.822094,19.822094,19.798729,18.378826,16.491936,14.605049,13.7183075,12.83157,13.926487,15.021412,15.3885,15.555904,17.069378,18.582851,18.582851
01558.png,71.29778,71.29778,71.02257,70.805626,70.71855,70.63272,69.72826,68.981995,69.257515,69.66686,69.964516,70.3751,70.63944,71.192665,71.192665
01562.png,36.25899,36.25899,34.829586,32.400814,28.480278,24.559742,24.476955,24.394176,26.526943,28.659721,31.703941,34.989468,38.949112,42.1827,42.1827
01567.png,19.076294,19.076294,19.689606,19.637531,21.097065,22.518448,24.582573,26.633842,29.732296,32.829155,34.157967,35.516964,37.362503,38.762295,38.762295
01568.png,57.762535,57.762535,59.221817,59.643593,59.748188,59.950462,57.144684,53.154755,50.190056,47.225372,45.01597,40.946392,40.359093,39.293697,39.293697
01576.png,33.8021,33.8021,32.325405,29.964596,30.112583,30.260555,32.47832,34.69609,37.51675,39.548836,40.673355,41.74064,43.33453,44.576683,44.576683
01578.png,79.259705,79.259705,75.45386,73.83722,77.24028,79.719444,81.50113,83.358864,83.80359,84.12637,84.48511,85.30387,86.31472,86.914825,86.914825
01595.png,56.898808,56.898808,57.894913,58.54033,62.319786,66.16881,67.138695,67.99399,66.97612,65.568855,66.198235,66.92634,67.30258,67.653534,67.653534
01598.png,66.86021,66.86021,69.05087,71.14698,68.164276,65.340294,62.343052,58.762787,51.961594,45.21369,37.92357,32.145176,31.187351,30.368969,30.368969
01602.png,109.77123,109.77123,105.034874,102.87727,101.534676,100.79502,99.40368,97.9437,95.58902,93.27914,90.70095,88.32367,87.035095,85.74651,85.74651
01607.png,61.67985,61.67985,61.97699,61.542263,63.415424,65.262024,67.46342,69.55245,71.71528,74.31364,73.866806,73.72517,70.25229,66.55811,66.55811
01611.png,66.421684,66.421684,68.72934,70.29909,70.90384,71.39591,69.47952,67.53078,68.814674,69.52811,68.60833,67.690895,67.95434,67.256874,67.256874
01620.png,89.21694,89.21694,87.41244,86.11043,85.76289,85.41535,83.288025,81.19351,79.34371,77.2134,75.326164,73.88788,73.17575,72.33858,72.33858
01625.png,59.994015,59.994015,60.179707,59.818222,59.25675,58.71119,59.399918,60.088646,60.47622,60.245567,60.625267,61.052856,61.55181,61.85557,61.85557
01628.png,70.73713,70.73713,68.66933,67.18381,69.626114,72.48542,72.483795,72.48218,70.14692,68.68528,68.02144,67.36069,66.87083,67.05839,67.05839
01629.png,31.192467,31.192467,32.512386,32.2587,33.223843,33.880383,33.8442,33.804733,34.611095,35.417454,36.17742,37.01885,38.073097,38.483746,38.483746
01640.png,153.56589,153.56589,151.42693,149.06339,149.01215,148.94727,147.21864,145.34552,144.38896,143.1882,145.29344,147.38174,149.46024,151.43748,151.43748
01644.png,84.46518,84.46518,84.03877,83.89293,84.59603,85.29913,86.00862,86.71812,84.91338,83.10865,80.87399,79.49431,77.2349,74.704865,74.704865
01646.png,84.99999,84.99999,84.25029,83.702034,85.99223,88.28243,89.23366,89.473785,88.28604,86.639084,83.36521,81.51836,79.98037,77.86333,77.86333
01649.png,38.135887,38.135887,40.02614,41.8115,43.553894,45.29628,46.120514,46.790005,48.153645,49.362534,51.373993,52.89463,55.532692,58.28923,58.28923
01659.png,107.189545,107.189545,108.900635,109.89622,110.41832,110.943695,112.46134,113.614105,114.910965,116.87703,117.7533,119.20862,120.58215,121.95567,121.95567
01660.png,59.515305,59.515305,61.07658,61.592842,63.73634,65.82014,66.708305,67.596466,67.83106,68.11649,67.93643,67.77737,68.523384,69.17964,69.17964
01668.png,83.75883,83.75883,85.22636,86.45079,86.53999,86.68105,88.84864,90.64703,91.226616,91.8062,91.249794,90.92192,92.59345,94.23042,94.23042
01681.png,94.95302,94.95302,93.45585,91.62638,91.30767,90.98897,90.41443,89.83989,89.79158,89.582085,87.70325,85.93959,81.28559,76.07318,76.07318
01693.png,64.7543,64.7543,63.452034,62.37813,62.424133,62.47014,61.90995,61.349762,60.22199,59.094223,58.817863,58.541508,58.823597,59.48578,59.48578
01696.png,79.87811,79.87811,79.4928,79.18682,79.98537,80.78935,80.7451,80.878456,81.10081,81.30673,80.58985,80.12291,79.05045,77.159355,77.159355
01698.png,120.80484,120.80484,118.324585,117.28232,116.47015,115.86875,115.73802,115.818085,116.88185,118.04896,120.564064,123.07918,123.44435,123.83205,123.83205
01699.png,88.92733,88.92733,92.774445,95.0445,95.96604,96.917694,96.476944,96.03618,93.63874,91.33441,88.26721,86.07372,81.79035,77.80013,77.80013
01703.png,58.542458,58.542458,56.741,55.078278,53.911507,51.258667,47.262245,43.20607,42.152905,40.834717,42.504913,43.896076,45.287426,45.939117,45.939117
01721.png,86.103775,86.103775,86.25406,86.946075,86.1131,85.27781,84.46948,83.661156,83.49194,83.3136,82.61137,82.33903,81.69528,80.696625,80.696625
01725.png,59.695297,59.695297,59.003967,58.556053,58.206135,57.85622,57.599823,57.36916,56.492973,55.616776,53.15999,50.009384,47.444916,44.88044,44.88044
01738.png,74.7985,74.7985,75.31169,75.89271,76.7242,77.55122,77.914055,78.354965,78.03377,77.712685,78.622116,79.807724,81.029976,82.23037,82.23037
01743.png,55.850323,55.850323,56.451206,56.3664,57.87611,59.38473,60.233795,61.082863,63.62529,66.18264,69.506584,72.37302,72.50768,73.10971,73.10971
01757.png,102.14475,102.14475,101.28612,100.50262,100.11401,99.72541,100.09746,100.52446,102.08898,103.85388,104.659424,107.02328,108.35228,109.7154,109.7154
01759.png,39.572727,39.572727,40.155552,39.98725,41.32524,42.59048,42.068665,41.521164,40.77086,40.020554,39.32514,38.66495,39.66866,39.892624,39.892624
01768.png,47.05677,47.05677,50.222378,52.40525,55.192436,57.979607,58.533928,59.11696,57.88054,56.64853,54.72612,52.660004,51.73275,49.95672,49.95672
01771.png,72.521935,72.521935,72.30521,72.24172,72.52484,72.80067,72.5754,72.306526,71.64181,70.9771,70.811554,70.64601,70.36371,69.02738,69.02738
01796.png,-16.312332,-16.312332,-9.57357,-7.33062,-3.6674652,-0.0043182373,0.5492554,0.5346756,0.8548584,1.1750336,2.503502,3.8319626,6.664467,9.184002,9.184002
01799.png,75.037766,75.037766,74.81786,74.99282,75.899994,76.80715,77.919685,79.061325,81.403305,83.40074,88.20058,93.52389,97.31091,101.585846,101.585846
01810.png,87.52332,87.52332,86.98474,87.41576,87.60439,88.10884,90.21208,92.24916,93.428314,96.26757,99.62541,103.30283,106.22175,110.99109,110.99109
01813.png,4.687332,4.687332,7.177437,9.145138,9.404537,9.663944,8.542076,7.420212,6.7462845,6.0723495,5.188904,4.180908,4.196846,3.105423,3.105423
01819.png,-24.79029,-24.79029,-22.57837,-20.36647,-18.809608,-17.187782,-13.894714,-10.536743,-7.699669,-4.670883,-2.9469986,-1.0501251,2.4329376,6.021164,6.021164
01828.png,23.292603,23.292603,19.600193,15.908611,18.576702,21.245617,37.103615,52.961487,61.747864,70.55554,64.52825,58.509285,57.426865,56.339935,56.339935
01842.png,98.2585,98.2585,97.62016,96.556244,94.22087,91.77961,90.146164,88.513,87.43609,86.25094,84.03862,81.51726,81.06588,80.30692,80.30692
01844.png,111.16933,111.16933,110.86337,111.62605,111.75925,111.89244,112.417984,112.943535,111.91206,110.457756,109.778,109.121994,107.80029,106.530975,106.530975
01857.png,57.07502,57.07502,57.75589,57.88807,59.853992,61.81991,63.82087,65.828636,68.915955,72.0217,73.89649,75.40397,77.44919,79.410614,79.410614
01858.png,61.015503,61.015503,64.59605,67.033554,68.40836,69.78317,70.586174,71.271286,71.30438,71.282196,70.39876,69.51533,67.9162,65.58778,65.58778
01864.png,47.000874,47.000874,48.661682,50.33068,50.047073,49.763454,49.39363,48.90824,48.77906,48.50936,47.591125,46.270943,46.040466,45.86068,45.86068
01867.png,57.85539,57.85539,53.843353,50.500027,48.519203,46.538376,46.182106,45.825832,46.207703,46.58956,44.628372,41.518856,38.301556,33.196754,33.196754
01874.png,82.218834,82.218834,75.53079,70.822815,69.29419,67.56216,69.8741,71.751076,71.521935,71.29279,70.17847,68.26836,64.825874,61.43613,61.43613
01875.png,76.59377,76.59377,77.621605,78.55441,79.36466,80.14533,81.00064,82.28789,82.41018,82.61828,83.64484,84.671394,87.13572,89.57025,89.57025
01889.png,93.15321,93.15321,96.115616,100.72684,101.06297,101.01322,103.13837,105.30806,107.2702,109.28386,108.317154,105.06169,111.69032,119.16149,119.16149
01892.png,60.219074,60.219074,60.59321,61.241455,60.15173,59.062004,58.999756,58.93952,59.057457,59.1754,57.360023,55.54467,54.604996,53.667107,53.667107
01905.png,78.51686,78.51686,78.171234,78.78543,77.63112,76.45387,75.00159,73.5493,73.43157,73.33701,73.132774,72.928535,73.1359,73.79132,73.79132
01907.png,51.207314,51.207314,51.488823,50.84858,51.620956,52.38338,52.790604,53.25997,53.780968,54.301956,55.01017,55.718376,57.77544,60.488815,60.488815
01916.png,113.06871,113.06871,112.81878,112.592476,112.86191,113.11836,112.96905,112.81972,112.55667,112.18356,111.96127,112.21234,112.1326,113.06594,113.06594
01926.png,151.4954,151.4954,152.26248,153.61087,154.604,155.59714,153.85277,152.10838,149.83527,147.56216,146.4017,145.40536,144.29283,145.71152,145.71152
01931.png,118.31056,118.31056,115.56515,114.193924,113.41476,112.77538,111.407524,110.01985,110.10208,110.18736,107.84131,105.92835,101.38878,96.85798,96.85798
01935.png,44.058895,44.058895,43.80329,42.32486,42.218563,42.11225,41.96543,41.81861,42.95047,44.082336,44.82112,44.927193,44.152325,43.37745,43.37745
01941.png,53.793175,53.793175,55.186058,56.161148,57.78036,59.39958,59.40363,59.407684,58.204727,57.001766,54.681297,52.360825,52.636555,52.54055,52.54055
01943.png,74.13563,74.13563,72.262695,71.49152,71.62474,71.21001,71.54854,71.7577,71.94017,72.13098,72.33382,72.53665,71.87719,71.16481,71.16481
01950.png,-7.4474106,-7.4474106,-4.9968185,-3.0372238,-1.6875076,-0.33777618,1.9615097,4.2443466,5.8144226,7.384506,8.377724,9.35128,10.927589,10.790287,10.790287
01955.png,114.48972,114.48972,112.2816,111.22261,110.69402,110.08824,109.96089,109.82534,108.46631,107.32355,106.00755,105.005066,103.66108,103.18773,103.18773
01962.png,53.5923,53.5923,52.48008,48.928307,48.392582,47.881615,45.9887,43.981827,42.67612,41.23677,41.42726,41.261517,41.074276,40.887024,40.887024
01964.png,80.80054,80.80054,81.35597,81.22069,79.91939,78.99475,78.60133,78.207924,76.2724,74.336876,74.58141,73.697044,73.672676,73.60725,73.60725
01970.png,67.0324,67.0324,68.99255,70.62045,70.69091,70.76137,70.738396,70.93497,68.38414,62.986053,57.90545,52.34702,48.365643,44.38427,44.38427
01973.png,34.889122,34.889122,23.469448,16.940887,15.464378,14.038498,17.93877,20.860168,23.988285,26.504196,26.891113,27.412853,28.679749,28.52097,28.52097
01974.png,49.771614,49.771614,47.884644,45.837646,44.414642,41.883575,40.48075,39.24393,40.605743,41.967575,44.468914,46.970238,48.357193,49.398018,49.398018
02002.png,25.11684,25.11684,27.173653,30.183716,40.91294,52.310425,71.064064,89.69796,102.4627,113.4666,111.1906,106.76747,106.13922,105.04158,105.04158
02010.png,69.347435,69.347435,71.66427,73.19835,74.1425,75.12275,75.06801,75.013275,74.371735,73.74225,74.75902,75.9397,76.14738,76.36249,76.36249
02013.png,47.82659,47.82659,46.54898,45.148727,44.083733,43.017197,41.985794,40.9544,40.719048,40.483696,42.346962,44.125767,44.583725,45.297405,45.297405
02021.png,50.679718,50.679718,50.677544,49.90596,48.32921,46.752457,46.999626,47.246788,47.974174,48.70157,48.438023,48.166676,48.921562,49.82831,49.82831
02034.png,34.014103,34.014103,31.961502,29.679344,27.188637,24.226776,21.223148,18.099754,15.447033,11.805485,10.63599,9.253334,10.218048,7.6720886,7.6720886
02036.png,-0.77492523,-0.77492523,0.42464447,-0.3192749,0.9970169,2.3133087,3.5641556,4.8150177,5.660141,6.5052567,4.7085037,2.6701431,1.6297455,-3.159172,-3.159172
02041.png,75.3197,75.3197,75.35387,75.60048,75.07629,74.595505,73.97228,73.351715,72.842735,72.31102,71.48974,70.66846,70.880486,71.17313,71.17313
02049.png,53.652027,53.652027,52.684708,51.75157,52.318882,52.886204,53.28239,53.678577,53.779114,53.879654,53.841225,53.802803,53.552383,53.266674,53.266674
02069.png,76.65733,76.65733,74.874115,73.86464,75.681465,77.49829,78.42745,79.18546,81.62667,83.78019,83.03071,82.2566,81.17811,79.679146,79.679146
02073.png,88.422295,88.422295,90.38341,91.660614,92.28521,92.85522,92.12489,91.36514,90.29298,89.19441,90.03691,91.14212,92.6507,93.93451,93.93451
02079.png,90.54662,90.54662,92.12516,93.17946,94.43649,95.84748,96.34997,96.852455,97.319214,97.88774,97.28903,96.69032,94.066696,91.24011,91.24011
02080.png,69.10026,69.10026,68.34453,67.25506,65.74945,64.243835,63.47307,62.702293,62.227356,61.75242,61.10222,60.199932,58.825336,57.783268,57.783268
02083.png,64.44463,64.44463,67.08089,69.67086,70.146484,71.41165,70.903206,70.2885,69.65681,69.03538,69.24176,69.60376,70.39199,71.19432,71.19432
02089.png,74.22683,74.22683,73.68206,73.41334,72.7176,72.03448,71.31797,69.76976,70.00287,70.23597,70.790794,71.34563,72.52264,73.43052,73.43052
02101.png,46.424644,46.424644,45.922356,45.96463,41.63289,37.28669,35.6479,34.715466,35.957355,36.593952,37.2774,38.00659,39.897804,40.573254,40.573254
02107.png,65.86815,65.86815,66.55525,67.4605,68.82618,70.191864,69.01535,67.83884,67.89085,67.94862,68.498245,69.04787,69.74025,71.09021,71.09021
02112.png,85.357765,85.357765,82.199646,79.191826,77.86813,77.30109,78.39798,79.855576,81.61333,83.4129,83.967155,84.56323,82.688896,81.047424,81.047424
02114.png,64.753136,64.753136,62.041214,59.513763,56.36949,53.27858,49.02639,45.680153,42.865208,40.269985,39.082542,37.894184,40.23084,42.674847,42.674847
02126.png,105.45982,105.45982,105.72424,106.79477,106.204765,106.05528,105.49684,105.194176,104.34074,103.49327,101.46535,100.16488,99.50247,99.08489,99.08489
02129.png,80.72052,80.72052,82.28601,83.045135,84.99613,87.449814,89.71972,91.87991,92.61529,93.29079,92.32357,91.35635,91.66464,92.21662,92.21662
02138.png,90.049805,90.049805,92.702194,93.75391,94.75858,95.77023,95.284225,94.680786,93.262955,91.694374,90.56718,89.42473,87.97131,86.51789,86.51789
02142.png,65.47947,65.47947,63.48879,61.788403,61.921146,62.053905,61.1387,60.223484,58.98094,57.73839,57.290443,56.861107,56.299942,55.540123,55.540123
02152.png,73.40521,73.40521,73.20857,73.722176,75.02782,76.35802,76.7432,77.2971,78.242355,79.17725,80.27129,81.37844,83.500916,89.30626,89.30626
02167.png,17.824097,17.824097,18.04036,18.03033,18.263603,18.51007,21.143234,23.92194,26.576134,28.901756,31.13892,33.44152,34.37877,34.83912,34.83912
02169.png,8.668179,8.668179,8.487717,8.443199,7.983917,7.306595,6.85643,6.355255,5.5134354,4.605942,6.275055,5.497383,8.186737,9.741093,9.741093
02176.png,87.016106,87.016106,85.05995,83.82165,82.979744,82.14328,82.71411,83.63593,85.71001,87.767044,89.262474,91.451385,93.35145,95.48821,95.48821
02177.png,52.47934,52.47934,55.345917,56.94251,57.743454,58.544403,58.736267,58.92814,57.15228,55.081463,51.185722,47.223137,45.673195,43.56787,43.56787
02185.png,94.504684,94.504684,94.52417,94.27746,93.41645,92.754814,91.186806,89.560776,87.9784,87.02026,85.35018,83.7877,82.52127,82.41614,82.41614
02186.png,51.18685,51.18685,52.10994,51.756134,52.234985,52.713844,54.168373,55.62291,57.5456,59.03896,61.399628,63.450108,64.300095,65.36321,65.36321
02192.png,-9.500786,-9.500786,-6.240906,-3.0419388,-0.68798065,0.8443756,2.6585693,3.9809952,4.2092133,4.4374237,6.254158,8.226059,10.068481,11.87495,11.87495
02194.png,73.86815,73.86815,73.52074,73.371735,72.899635,72.427536,72.9336,74.09471,73.975,72.927185,74.75849,76.9658,77.78289,80.51551,80.51551
02195.png,55.906387,55.906387,58.25747,59.624268,60.99798,62.389008,62.85211,63.3363,64.02996,64.735085,64.78342,65.1288,63.998672,62.22896,62.22896
02196.png,44.29818,44.29818,45.024986,45.975945,46.715046,47.244987,48.35189,49.458813,49.493797,49.528786,51.260727,52.992672,54.54287,56.074814,56.074814
02197.png,62.73029,62.73029,63.734432,63.754574,63.274563,62.794548,61.751995,60.290787,60.073868,59.856934,60.927887,61.998825,63.1292,65.1892,65.1892
02198.png,81.93662,81.93662,77.57052,74.803154,73.88638,72.96961,73.647804,74.350876,76.19805,77.7136,79.29365,81.06277,84.00637,88.14891,88.14891
02210.png,99.00051,99.00051,101.229996,103.11824,104.322876,105.52751,105.11118,104.85112,103.93516,102.96107,102.12886,101.99207,103.312,105.96907,105.96907
02214.png,79.24531,79.24531,78.58311,78.11698,78.11362,78.11026,78.28353,78.41499,78.75658,79.098175,79.28368,79.22077,79.253876,79.00415,79.00415
02218.png,65.26372,65.26372,64.43633,63.886303,62.526455,61.166607,61.104797,61.09162,62.124622,63.16441,63.312595,63.460773,65.0395,67.36933,67.36933
02219.png,105.49357,105.49357,106.7853,108.73152,109.37036,110.28743,110.34349,110.403946,110.62999,110.97407,110.73528,110.5397,109.71488,109.22894,109.22894
02220.png,48.908005,48.908005,49.140526,49.486584,49.53031,49.072906,48.254955,47.43701,45.60128,43.765556,42.74641,41.711197,42.01821,42.32524,42.32524
02223.png,116.24637,116.24637,115.166794,114.92612,114.4987,114.07127,115.80902,117.470406,116.84621,116.96155,117.07468,117.171974,116.33271,114.89192,114.89192
02235.png,30.729061,30.729061,32.23685,33.273785,35.695576,38.11734,39.250587,40.383827,42.077866,43.771927,45.18471,46.444077,47.297363,48.150654,48.150654
02236.png,70.22053,70.22053,71.1289,71.79597,71.7715,71.69412,69.95085,68.34483,67.93088,66.93157,64.718575,62.095245,62.588955,61.886066,61.886066
02239.png,42.324024,42.324024,41.002525,38.182663,36.791553,35.239754,34.61749,33.99521,34.535,35.074783,36.531853,37.33767,39.43167,41.45892,41.45892
02241.png,-15.420387,-15.420387,-12.610245,-9.316277,-10.659157,-12.342674,-12.830605,-13.318527,-16.091454,-18.864388,-20.00547,-21.34098,-21.180405,-20.909927,-20.909927
02249.png,34.459072,34.459072,35.25292,34.493607,34.803978,35.114357,35.40178,34.66778,33.36948,31.98109,29.48487,26.902798,24.614433,21.271313,21.271313
02252.png,70.62187,70.62187,71.317535,71.95171,71.739975,71.537384,71.630486,71.732735,71.58374,71.434746,70.77463,70.0918,68.09907,65.27687,65.27687
02254.png,71.73881,71.73881,73.42217,74.61636,76.9719,79.327446,80.56252,82.24294,83.26375,84.35003,83.70364,83.17726,83.28128,82.9024,82.9024
02256.png,98.37642,98.37642,98.5013,98.14761,99.037704,99.92778,100.79924,101.670715,101.8676,102.0645,102.203476,102.80688,102.736725,102.69082,102.69082
02257.png,88.71211,88.71211,85.0921,82.69175,80.99225,79.29792,78.313614,77.78876,75.97399,74.15922,73.30691,72.494026,72.809906,73.666916,73.666916
02264.png,94.75716,94.75716,93.73935,92.714066,92.43455,92.029465,90.13104,88.30185,87.58182,86.71538,86.11856,85.51959,83.42086,81.81776,81.81776
02267.png,-30.296028,-30.296028,-28.986595,-27.657402,-21.460403,-16.133865,-8.26992,-1.5048141,5.9995804,10.701241,10.572079,10.442909,8.44046,6.325386,6.325386
02268.png,85.41066,85.41066,87.411575,88.43285,89.473175,90.40454,90.74553,91.08437,90.56228,90.04018,89.90833,90.008766,91.1432,92.27763,92.27763
02280.png,110.06267,110.06267,108.62459,107.87593,107.29989,106.883545,106.378204,105.86491,106.34237,106.819824,106.40249,105.98514,106.97438,108.70167,108.70167
02282.png,102.05771,102.05771,100.97283,100.695335,100.8313,100.85314,100.52563,100.19812,100.25682,100.25864,100.172516,100.53708,100.47159,100.97001,100.97001
02287.png,102.02475,102.02475,106.062325,109.18866,108.70866,108.57779,107.26784,105.9483,104.56409,103.21202,103.30243,104.02719,105.8955,109.47429,109.47429
02292.png,94.75917,94.75917,96.65299,100.71131,99.15976,97.66507,94.63462,91.81857,89.398926,87.25923,86.954185,86.64913,88.28228,89.9366,89.9366
02295.png,39.578465,39.578465,38.370415,35.79128,34.19665,32.60119,31.643974,30.686749,30.475754,30.256218,31.151146,31.987282,34.42908,35.709103,35.709103
02301.png,116.372856,116.372856,114.83034,114.27759,113.6166,112.95561,111.98145,110.97511,110.24302,109.65086,108.9484,108.25603,106.18111,104.463295,104.463295
02313.png,83.75879,83.75879,82.18242,80.67745,79.09919,77.48186,74.10012,70.71952,69.875496,68.590225,67.27009,65.94994,64.43269,62.72846,62.72846
02314.png,-30.334763,-30.334763,-25.261124,-21.240349,-19.9916,-19.370346,-17.989143,-16.582092,-16.786446,-16.990837,-15.256554,-13.522247,-8.894646,-5.8797836,-5.8797836
02318.png,92.73949,92.73949,90.41729,90.07668,92.418076,93.89792,94.32775,95.059326,94.4569,93.83444,93.069046,92.21385,90.65574,89.83527,89.83527
02321.png,68.1839,68.1839,67.4838,66.8636,66.59982,66.336044,64.84283,63.349613,62.22159,61.093567,60.783943,59.692177,58.850273,58.02877,58.02877
02329.png,121.90363,121.90363,123.651375,125.06585,124.75482,124.457985,124.90529,125.352585,125.24049,125.23924,125.78932,126.38785,125.72436,126.99831,126.99831
02338.png,107.64603,107.64603,106.14125,105.66734,105.686005,105.70466,106.20863,107.16617,108.008224,109.060776,111.351425,113.64931,115.364,117.078705,117.078705
02339.png,47.370487,47.370487,51.284996,54.09494,56.47106,58.527622,61.333935,63.377884,66.63483,70.2219,73.8037,77.36093,78.24641,79.987,79.987
02346.png,47.069244,47.069244,45.25112,43.42938,41.448196,39.467052,38.00019,36.53334,35.562645,34.591953,34.69225,34.48041,34.14507,33.150707,33.150707
02349.png,95.22983,95.22983,96.95635,97.92763,98.58242,99.45329,100.3508,101.21499,104.106544,107.6473,109.31196,110.97662,110.69644,111.00218,111.00218
02357.png,78.96353,78.96353,78.047005,77.533165,77.99782,78.67405,80.79079,82.946,83.14433,83.34266,83.09331,83.205246,84.42232,85.94864,85.94864
02360.png,105.13182,105.13182,101.4838,99.5484,98.192726,96.77339,95.79237,94.98577,95.126274,95.21489,94.402954,93.591,91.059326,88.06927,88.06927
02361.png,51.287617,51.287617,49.72473,47.940918,43.800457,39.506462,37.72404,34.737797,36.332664,37.328762,38.618515,39.98164,42.61958,45.219017,45.219017
02373.png,109.907776,109.907776,109.65065,109.66413,109.4689,109.27368,108.86655,108.52173,107.61661,106.610245,105.551735,104.64,104.02198,103.90558,103.90558
02378.png,66.60798,66.60798,66.07502,64.557755,63.204857,61.851963,62.1222,62.39243,63.80607,65.21971,68.619225,72.04085,73.02365,74.41307,74.41307
02384.png,19.931664,19.931664,23.146767,26.31285,29.120121,31.45029,30.200916,28.197353,26.046215,23.933117,21.06343,18.193756,18.783382,19.372993,19.372993
02385.png,100.45733,100.45733,101.092995,101.326866,101.64456,101.981445,101.54642,101.12051,101.72235,102.32421,103.0576,103.92514,104.62331,105.462234,105.462234
02395.png,22.528652,22.528652,22.8512,22.042736,21.882328,21.71838,22.222569,22.725365,21.639313,20.544025,20.514256,20.430027,19.893707,19.35738,19.35738
02396.png,30.060555,30.060555,28.962402,28.143059,28.052578,27.962109,28.215359,28.401482,24.579174,20.756874,20.301373,19.178268,17.993732,15.011093,15.011093
02400.png,90.2453,90.2453,87.24915,84.19362,84.64619,85.15239,86.723495,88.29459,90.18097,91.84467,93.692314,95.742294,96.74287,98.12626,98.12626
02402.png,55.34489,55.34489,56.45598,55.524452,55.062504,54.60055,55.792046,56.98354,56.23682,55.43406,55.62029,55.806522,56.31297,56.95561,56.95561
02405.png,80.08756,80.08756,79.96815,79.88297,79.226555,78.57355,78.790665,79.03522,80.00774,81.017555,81.173584,81.34624,80.78233,80.498184,80.498184
02409.png,107.4685,107.4685,106.5923,106.1073,108.946106,111.784904,112.92498,114.06505,113.40442,112.74378,111.39275,110.16446,108.734055,107.93022,107.93022
02410.png,73.13634,73.13634,72.50305,73.01389,72.978546,72.84773,72.69045,72.55416,72.73996,72.92575,72.95669,72.987625,73.53809,74.28275,74.28275
02416.png,50.67857,50.67857,50.78763,50.6032,51.78492,52.96664,54.119934,55.20929,54.723534,54.173813,53.525795,52.877777,53.558743,53.6397,53.6397
02418.png,93.13431,93.13431,92.93699,93.2464,94.88254,96.740326,100.31226,103.70007,104.60438,105.66586,105.32537,105.200226,102.941696,99.78843,99.78843
02422.png,59.01097,59.01097,61.59113,63.68746,66.004295,67.87471,68.54558,69.21645,70.72889,72.24132,74.97595,77.137314,76.86636,76.48703,76.48703
02425.png,67.33671,67.33671,68.93887,69.90098,70.35591,70.64448,70.58628,70.012665,68.253586,66.4945,65.07382,63.653133,61.32701,59.304222,59.304222
02428.png,69.53732,69.53732,70.93657,72.84838,74.06387,75.524124,77.653046,79.45618,79.324974,79.19377,78.51307,77.7573,77.17325,75.59987,75.59987
02431.png,79.420395,79.420395,79.93967,80.46858,80.26679,80.05783,79.19647,78.32492,75.76619,73.47862,70.9284,68.58625,65.20961,60.194942,60.194942
02435.png,108.88411,108.88411,110.03735,111.63097,111.794304,112.01481,114.16989,116.94749,118.22425,119.50102,119.970276,120.96437,119.13364,117.30289,117.30289
02438.png,65.92955,65.92955,66.2211,66.63825,66.699005,66.759766,68.146774,69.26358,70.806564,72.39112,74.06829,76.345085,78.45034,81.42529,81.42529
02446.png,89.977776,89.977776,92.13608,93.7111,94.38228,95.48388,95.122086,94.58482,96.42124,98.02193,99.81399,102.01112,105.25028,109.8174,109.8174
02447.png,68.5289,68.5289,67.15712,66.72191,66.775185,66.87933,66.83347,66.78761,67.42172,68.05584,69.10473,70.15362,70.427414,71.27657,71.27657
02454.png,87.116325,87.116325,87.375015,87.817856,87.87901,88.00693,89.44082,91.07399,90.374,89.7551,88.25498,86.369965,89.20971,91.60053,91.60053
02459.png,12.193405,12.193405,13.806824,13.54245,13.45013,13.3578,13.995033,14.524498,15.19873,15.872963,15.374496,14.76012,15.179337,15.598553,15.598553
02461.png,149.30396,149.30396,147.49075,148.77365,146.07108,143.47089,143.47775,143.48462,144.18422,144.88382,144.29175,143.69969,144.6597,147.95712,147.95712
02465.png,9.053226,9.053226,12.372097,12.874783,15.023655,17.172527,19.725601,21.792946,24.110653,26.428364,28.4856,30.54285,35.07736,38.872116,38.872116
02468.png,50.763092,50.763092,53.279236,53.23951,55.623722,58.008614,60.3198,62.630997,62.45028,62.269558,60.62222,58.97488,57.538322,55.280098,55.280098
02474.png,76.65367,76.65367,73.0481,69.70295,66.93717,64.181,61.59886,59.173218,59.39468,59.300396,60.989227,62.70931,64.8201,67.24987,67.24987
02478.png,112.480286,112.480286,111.80333,111.44616,111.21944,110.990036,109.28417,107.93846,106.92148,105.89751,105.51868,105.8203,105.270905,104.71864,104.71864
02482.png,72.10918,72.10918,70.9852,70.42954,70.135086,69.81021,70.17226,70.53431,70.97597,71.41764,69.68415,68.1669,66.66675,64.70786,64.70786
02485.png,23.070068,23.070068,23.103992,21.945412,19.66137,17.377335,12.411232,7.2823334,5.291565,3.259491,2.1659927,0.93829346,2.4781036,3.7146072,3.7146072
02487.png,75.65092,75.65092,78.088486,80.80174,81.49756,81.997345,81.74972,81.433014,81.253914,81.07481,80.8911,81.31191,80.973145,80.634384,80.634384
02488.png,63.917404,63.917404,63.712173,63.794117,62.890915,62.003143,61.009644,60.016132,59.135883,58.261005,58.914993,59.568977,59.00273,58.714146,58.714146
02503.png,122.87379,122.87379,121.73683,122.97875,124.900116,127.110214,128.05846,129.01843,129.6528,130.52625,131.80446,133.08266,134.45102,137.37762,137.37762
02505.png,70.90282,70.90282,69.176125,67.68508,68.06988,68.454666,69.15039,69.6779,70.585464,71.50029,71.59124,71.69042,71.00202,70.61277,70.61277
02508.png,60.98089,60.98089,64.97148,67.8725,70.31321,72.00408,72.369835,72.73558,72.62085,72.51757,72.69654,72.11995,71.99084,72.68437,72.68437
02509.png,80.06321,80.06321,78.784584,78.00934,77.63738,77.249,76.02474,74.49893,72.72662,71.28855,70.54014,69.817986,68.89329,68.38254,68.38254
02511.png,94.7992,94.7992,94.74866,94.30612,94.847275,95.38842,95.51663,95.644844,95.91469,96.25259,94.94748,94.0079,91.95668,89.421936,89.421936
02516.png,100.35368,100.35368,97.85166,96.67644,95.64918,94.56796,92.92879,91.28963,88.31262,85.30383,82.4495,80.15872,80.10846,80.46258,80.46258
02518.png,60.46278,60.46278,63.479298,65.71039,69.44952,73.29174,78.227715,82.339096,84.45058,85.92218,86.039955,86.15774,85.00127,82.868774,82.868774
02528.png,99.05643,99.05643,100.11849,100.93108,101.95746,103.35939,105.17093,107.01073,107.77358,108.530365,109.551956,110.57356,111.9606,113.70023,113.70023
02546.png,51.807632,51.807632,50.7082,49.632553,49.909035,49.376717,49.41826,49.409184,51.70131,53.605904,54.58934,55.361893,55.90439,53.819168,53.819168
02549.png,64.98334,64.98334,63.228363,61.31222,60.155975,58.999733,58.292046,57.584362,55.621796,53.659237,51.884655,49.153625,48.068817,47.210434,47.210434
02559.png,38.691303,38.691303,40.256447,42.107773,42.534386,42.564106,41.99881,41.433525,42.862114,44.28474,45.42566,46.56655,46.734924,46.484238,46.484238
02562.png,75.85044,75.85044,75.61793,75.97489,76.18571,76.39652,76.27169,76.14685,76.060684,75.97452,76.385414,76.79631,77.16039,77.772804,77.772804
02563.png,127.5051,127.5051,124.81587,123.32881,120.53971,117.699524,115.71536,114.24501,112.305,110.36828,109.09642,108.042015,106.260635,104.44051,104.44051
02576.png,65.77006,65.77006,65.758514,66.109024,68.84342,71.59344,72.96133,74.39765,77.95037,81.95978,84.744675,86.35219,85.93383,85.50942,85.50942
02588.png,27.882042,27.882042,29.363052,29.880947,31.893349,33.60582,33.805157,33.991207,34.331123,34.671043,35.191944,35.68505,36.56736,36.14853,36.14853
02593.png,84.389336,84.389336,83.34828,82.53291,80.53187,77.90864,76.75127,75.60917,74.89133,74.17348,72.9134,71.65332,70.5681,69.76792,69.76792
02594.png,63.46663,63.46663,63.556725,62.72106,63.099678,63.507664,63.740437,63.973194,63.2317,62.49019,61.90862,61.34156,60.606995,60.203407,60.203407
02598.png,116.30305,116.30305,115.48643,115.62221,115.537,115.4518,116.34891,117.3736,116.70176,116.15164,115.695755,116.45605,116.85701,117.36982,117.36982
02614.png,40.400074,40.400074,39.469696,38.490128,37.8416,36.73237,36.736717,36.741055,36.227085,34.79673,34.800766,34.78906,36.459175,37.785698,37.785698
02615.png,105.462814,105.462814,103.41543,102.53343,101.31329,100.21179,99.35754,98.52986,97.949234,97.351875,96.15127,94.81028,92.324936,90.15035,90.15035
02620.png,77.11011,77.11011,80.19018,83.09114,87.38184,91.41016,93.022896,94.63564,96.14636,98.23242,100.97971,103.98059,105.9219,109.53198,109.53198
02623.png,118.03071,118.03071,116.157166,115.452385,115.86745,116.243515,115.92366,115.60057,117.02276,118.41533,119.98331,121.551285,122.475494,125.14929,125.14929
02625.png,45.99447,45.99447,45.69744,45.06889,44.306812,43.54474,43.483234,43.42174,44.604126,45.786507,47.127697,48.468895,49.284172,50.002823,50.002823
02627.png,38.68924,38.68924,37.95691,35.433796,34.444324,33.44184,32.869953,32.259987,31.742115,31.150547,29.18747,27.1507,26.356968,24.625668,24.625668
02630.png,35.054207,35.054207,36.218445,36.70877,38.71445,40.050537,41.546658,43.04276,45.018288,46.993824,49.72522,52.45662,55.36992,58.652298,58.652298
02632.png,44.334824,44.334824,43.154884,41.738384,40.982346,39.61576,39.82558,40.030807,39.825752,39.51763,38.483242,37.448853,39.164974,40.126186,40.126186
02633.png,19.76297,19.76297,18.424908,15.911236,16.408955,16.906654,18.968529,21.030422,22.589714,24.150639,26.12231,27.813026,27.81717,27.806583,27.806583
02644.png,10.367508,10.367508,15.407532,19.52832,19.23796,18.843147,19.808998,20.774834,20.742794,18.554058,14.953468,11.352879,12.385876,11.737396,11.737396
02646.png,46.96398,46.96398,46.31637,44.039482,44.27054,44.501606,43.42727,41.70517,41.149265,40.593376,38.98954,37.318787,37.66976,36.43348,36.43348
02664.png,69.203964,69.203964,70.76509,71.67202,71.83591,71.999794,71.98555,71.971306,71.35976,70.74819,70.296364,69.844536,70.79317,72.5123,72.5123
02672.png,93.57469,93.57469,94.21379,94.29603,92.97384,91.651665,90.31675,88.84133,88.205635,87.55758,88.97887,90.59345,92.77952,94.96558,94.96558
02673.png,79.35427,79.35427,79.26862,78.592476,78.560165,78.72573,80.56828,82.74224,86.152275,89.32393,91.53564,94.90135,95.529205,96.18097,96.18097
02680.png,67.65842,67.65842,65.69177,63.768032,61.21826,58.249443,56.72998,54.08631,52.6019,51.117466,53.678276,55.731194,56.713192,58.06476,58.06476
02683.png,58.88119,58.88119,60.451122,61.590034,62.273605,62.957188,63.061905,63.090477,63.40706,63.740158,63.032654,62.57322,62.215694,59.756138,59.756138
02684.png,12.94648,12.94648,10.220673,9.450039,11.275028,12.959736,15.554504,15.322159,16.063435,15.208332,13.477722,11.875809,11.36694,9.37067,9.37067
02685.png,154.49414,154.49414,156.78894,158.03412,160.6016,162.68655,160.65128,158.6,155.60489,152.51767,153.52086,154.46681,156.19275,157.87146,157.87146
02693.png,39.097816,39.097816,37.08872,34.11173,35.00122,35.890717,35.267113,34.643524,33.757797,32.87205,33.242355,32.97015,34.873253,35.316208,35.316208
02709.png,89.08571,89.08571,87.14472,86.42904,85.840126,85.24853,84.20553,83.18671,81.13734,79.08797,79.534775,79.97898,80.43114,81.476845,81.476845
02710.png,72.62925,72.62925,70.836205,69.48479,72.039825,74.31322,75.33265,76.35207,76.429115,76.50616,77.03083,76.98483,74.42135,71.68488,71.68488
02711.png,47.96084,47.96084,44.82646,41.5195,41.760883,42.002274,43.482456,44.96263,44.993587,45.021698,43.897137,42.761,41.552864,38.839,38.839
02713.png,104.27617,104.27617,100.18654,97.58679,95.44783,93.30886,93.67652,94.29404,94.857635,95.421234,95.62315,96.009476,95.82862,94.928154,94.928154
02715.png,121.86856,121.86856,121.42201,122.04147,122.52193,123.00377,125.226654,127.99783,130.10527,132.37202,134.58481,137.42001,139.13931,141.50443,141.50443
02721.png,-6.6557083,-6.6557083,-6.2936096,-9.212769,-7.0189514,-4.8251343,-2.1356888,0.3023758,2.0718918,3.6271133,6.0718765,8.515255,10.857937,11.24958,11.24958
02730.png,123.20111,123.20111,123.62767,124.67083,124.65779,124.64476,124.72718,124.8186,123.94402,123.05278,122.02248,120.99218,120.710464,120.41041,120.41041
02742.png,98.38063,98.38063,94.6496,93.23747,92.37826,91.55547,92.09953,92.60146,93.42914,94.3508,95.98477,97.618744,97.83953,99.39542,99.39542
02745.png,35.26171,35.26171,37.2711,37.39253,37.036633,36.680737,36.91102,37.124477,37.074997,37.023544,36.83641,36.632385,37.103497,35.6025,35.6025
02749.png,102.851494,102.851494,99.45982,97.00433,96.01521,95.16885,95.356804,95.54476,95.62175,95.666695,95.070724,94.53444,94.8103,95.41168,95.41168
02754.png,66.4767,66.4767,68.02954,69.283325,69.73468,70.186035,70.32622,70.46641,70.20703,70.068825,71.54786,72.35228,73.74669,75.17161,75.17161
02755.png,-35.24478,-35.24478,-33.2269,-31.207993,-27.370277,-23.532555,-21.638962,-19.745369,-22.556503,-25.36763,-27.404587,-29.44152,-29.894722,-30.309029,-30.309029
02757.png,76.4183,76.4183,75.67569,77.394745,77.0987,76.8076,76.044754,75.029,77.04833,79.049866,80.841515,82.350235,81.85449,81.01111,81.01111
02758.png,69.83337,69.83337,72.217636,74.134895,77.16576,80.99463,82.77743,84.76829,85.05345,85.408775,86.94795,88.28076,89.748535,91.59812,91.59812
02759.png,97.75517,97.75517,99.887985,101.37323,101.24015,101.14724,100.434074,99.72091,97.69846,95.68517,94.0231,92.416916,92.61821,92.87647,92.87647
02775.png,115.66254,115.66254,114.46723,114.06629,113.49356,112.919266,110.581406,108.23943,105.07312,101.8881,99.980804,99.28549,97.93654,95.477295,95.477295
02784.png,94.26785,94.26785,90.40449,86.68716,83.47028,80.77093,76.82254,73.93791,71.82934,68.30582,64.18468,60.078236,56.178078,52.057533,52.057533
02791.png,62.17983,62.17983,61.871086,61.552933,61.552536,61.552135,60.53483,59.506626,59.932156,60.346794,62.267254,64.18771,65.16724,65.869804,65.869804
02792.png,48.94688,48.94688,49.99978,50.748283,52.099663,53.451054,55.064507,56.67795,56.76533,56.85272,56.25817,55.66362,54.6995,53.735382,53.735382
02800.png,109.97746,109.97746,98.22912,86.462524,87.56,88.65747,71.645226,54.63298,45.349426,36.06588,44.032658,51.994556,61.254868,70.51518,70.51518
02802.png,87.58113,87.58113,87.61479,87.40496,87.10675,86.759155,87.17402,87.58888,87.47055,87.35403,87.79487,88.733826,89.82613,90.92412,90.92412
02804.png,127.83004,127.83004,127.986465,129.00764,122.796616,116.35675,109.97939,103.60203,100.032486,96.46291,96.70493,96.6272,94.30675,90.68833,90.68833
02807.png,101.22807,101.22807,100.31241,99.39676,99.02013,98.64351,98.19183,97.688354,95.66764,93.64693,93.11593,92.584946,91.56371,90.863434,90.863434
02811.png,74.31287,74.31287,73.41204,72.7021,72.98362,73.28254,74.3203,75.358055,76.68274,79.35749,81.75081,84.25798,85.159004,86.06407,86.06407
02823.png,56.906017,56.906017,59.492226,60.64099,62.33766,64.03433,65.94492,67.87363,70.1913,72.56998,74.35475,76.09735,77.86121,79.76855,79.76855
02825.png,70.345535,70.345535,72.10696,73.66251,75.29713,77.16299,79.30637,81.307,82.46184,83.61667,82.59318,81.59997,81.60968,81.39549,81.39549
02826.png,92.62104,92.62104,93.642815,94.00268,93.395966,92.767876,91.241646,90.129974,88.65547,87.180954,84.44086,81.905235,79.11246,77.1754,77.1754
02832.png,34.94165,34.94165,32.78591,30.24345,29.570538,28.518467,30.248566,31.810474,34.835526,36.64658,38.63433,40.462658,42.06521,43.944855,43.944855
02836.png,79.93393,79.93393,77.55519,76.127426,74.07036,72.01328,71.6104,71.07604,70.284035,68.916756,68.70809,68.519875,68.84142,68.92754,68.92754
02837.png,75.29236,75.29236,73.53533,72.687996,71.728806,70.12489,69.09279,68.060684,64.819046,61.585175,61.354343,61.13128,63.587112,66.27621,66.27621
02845.png,-6.331604,-6.331604,-7.902664,-10.720604,-10.460388,-10.3125305,-9.477486,-8.6933365,-11.38781,-14.082283,-14.455421,-14.652496,-9.376694,-3.4902115,-3.4902115
02854.png,91.3948,91.3948,90.996574,90.33791,90.79066,91.24339,91.77757,92.311745,92.214554,92.11736,92.3938,93.074425,93.17266,93.032776,93.032776
02857.png,103.51446,103.51446,102.57342,102.17581,100.42129,98.81177,95.981476,93.1512,90.58406,87.866455,85.98235,84.25025,82.77835,81.97158,81.97158
02860.png,54.983456,54.983456,56.875763,57.366234,56.245106,55.123978,53.145576,51.167183,48.127934,44.99632,45.130417,45.172142,45.53489,45.645493,45.645493
02861.png,30.581055,30.581055,30.78178,29.673927,29.393463,29.093803,28.634724,28.164112,27.284065,26.379627,24.309814,22.213818,21.48027,19.622143,19.622143
02867.png,20.391125,20.391125,20.233826,18.071991,17.918598,17.765202,17.947422,18.129654,17.685997,17.242336,19.263725,20.002232,21.80592,19.26511,19.26511
02874.png,49.804516,49.804516,49.0449,48.375057,49.45378,50.01355,51.819748,53.428524,54.763443,56.098366,56.13791,56.216446,58.885338,61.554234,61.554234
02877.png,69.86417,69.86417,72.03743,74.38629,76.71291,80.00763,79.87042,79.73323,77.06329,75.45772,74.98793,74.526924,72.57188,70.97677,70.97677
02881.png,42.286793,42.286793,43.650307,43.40813,43.818462,44.228798,44.963444,45.698097,46.141914,46.42971,47.76145,49.093197,49.893284,50.93428,50.93428
02883.png,80.39212,80.39212,82.319374,83.85191,83.32414,82.81248,82.30169,81.84848,82.26226,82.67479,82.97445,83.691765,85.0562,86.76056,86.76056
02884.png,42.33468,42.33468,44.60576,46.205883,47.449783,48.693703,50.3449,51.79329,51.556145,51.318996,51.042797,50.766594,50.401077,49.016068,49.016068
02885.png,102.329346,102.329346,98.398415,95.66853,98.385155,100.94302,101.84363,102.95098,105.67909,108.415436,112.283005,116.10617,121.69882,127.5983,127.5983
02893.png,25.500801,25.500801,27.281212,28.989285,28.438007,27.88673,28.99591,30.10508,31.278728,32.387318,31.537445,30.683617,29.779179,28.874718,28.874718
02897.png,88.84248,88.84248,89.74479,90.748566,90.7198,90.69104,89.97877,89.1627,87.15142,85.810684,84.56227,83.393036,82.035255,80.193474,80.193474
02898.png,98.33989,98.33989,95.291374,89.67156,86.508354,83.684074,85.83867,85.47292,96.715164,107.46407,112.786224,118.01828,120.13941,121.71497,121.71497
02902.png,40.60093,40.60093,44.74095,48.249584,49.706596,51.10302,53.855137,56.79224,60.751335,64.01685,67.26215,70.41838,73.17603,76.67299,76.67299
02903.png,-0.118263245,-0.118263245,4.829796,6.199898,7.1272125,8.0905075,6.8203506,5.5501785,2.8039474,-3.09935,-7.139694,-12.27227,-11.158035,-11.501892,-11.501892
02916.png,112.07504,112.07504,112.15253,113.03667,114.22081,115.40158,114.67793,113.95096,112.99462,112.038284,109.23851,107.31949,104.69448,102.29642,102.29642
02921.png,-2.9246216,-2.9246216,-2.2463074,-1.185646,-4.654152,-8.082603,-11.631699,-15.162491,-17.14962,-19.13675,-18.694931,-18.253082,-15.534981,-9.876274,-9.876274
02923.png,97.32071,97.32071,97.87126,97.52495,97.20536,96.88264,96.954636,97.02663,97.03398,97.041336,95.879036,94.417786,93.60922,93.13689,93.13689
02925.png,83.99316,83.99316,84.229675,84.66295,84.3298,83.77905,84.68915,85.44734,87.280525,88.50148,89.307785,89.75276,88.95993,87.973595,87.973595
02931.png,128.80557,128.80557,127.178116,126.19403,127.06839,128.019,130.42879,132.8386,133.19833,133.55809,133.026,132.90108,130.16345,128.96065,128.96065
02932.png,81.64821,81.64821,85.00658,87.211624,87.70443,87.90458,88.6728,89.92649,91.00231,91.9769,92.217224,92.457565,93.17891,94.47669,94.47669
02933.png,62.02859,62.02859,64.45462,66.26355,68.19371,70.12387,72.096306,74.19401,75.41327,76.460396,76.99788,77.03844,76.62341,75.95768,75.95768
02934.png,63.40902,63.40902,63.362663,62.627224,62.483444,62.284904,60.602448,58.91999,58.048904,57.191784,55.44757,52.513077,51.197884,49.88003,49.88003
02935.png,64.76467,64.76467,62.828,60.72171,59.383026,58.044342,56.821068,55.362442,54.04051,52.718575,52.955616,52.826447,52.78042,52.734398,52.734398
02937.png,71.214775,71.214775,71.594215,71.90971,71.6789,71.44809,71.30545,71.17866,72.33416,73.48966,75.190254,77.53671,78.405304,79.66383,79.66383
02943.png,45.23326,45.23326,42.494617,39.513676,38.586117,37.658554,36.627724,35.59617,33.892498,31.491306,31.168816,30.568993,30.997818,31.42664,31.42664
02948.png,46.515816,46.515816,44.25451,41.750866,42.6687,43.498146,43.03691,42.5757,43.05213,43.52856,45.5356,47.47885,46.457623,45.436398,45.436398
02950.png,94.60557,94.60557,94.24763,93.13582,93.45963,93.78965,94.47826,95.166855,95.90805,96.649254,96.36375,96.63429,96.937515,97.9485,97.9485
02955.png,50.191982,50.191982,50.698364,48.992485,48.596535,48.200603,47.803513,47.225243,46.28196,45.338684,45.20344,44.709282,44.00966,43.476288,43.476288
02969.png,127.27667,127.27667,129.7493,133.1136,137.45952,142.98938,145.32,147.72711,145.92036,144.11362,142.61209,141.47339,139.70752,138.63123,138.63123
02970.png,68.00149,68.00149,67.43501,67.13721,64.32068,61.504143,57.275517,53.04688,51.272034,48.794655,48.825325,48.700203,51.743973,55.10871,55.10871
02974.png,66.34863,66.34863,66.46822,66.846886,66.26298,65.67906,66.919014,68.15896,68.84641,69.533875,70.473724,71.22208,72.69089,74.86519,74.86519
02982.png,50.658997,50.658997,52.50933,52.97896,52.42416,51.86936,52.38276,52.896164,53.35469,53.81322,56.62999,59.71121,60.300407,60.889614,60.889614
02983.png,27.644657,27.644657,30.587505,32.38739,33.1536,33.919796,34.807228,35.602264,36.661617,37.497414,37.25776,37.018097,38.858418,41.288757,41.288757
02989.png,53.36236,53.36236,53.036484,52.437412,51.219234,49.8198,49.51982,49.21984,48.87852,48.537186,47.30716,45.652596,46.71036,48.019463,48.019463
02992.png,43.8528,43.8528,44.23568,44.638206,45.03361,45.429016,45.537838,45.471252,45.349464,45.074413,45.868515,46.662613,50.192535,54.099518,54.099518
02996.png,65.05765,65.05765,63.854538,63.633938,62.7353,61.880146,60.14157,58.293633,55.496563,52.69948,51.076992,49.4545,49.09105,48.391563,48.391563
02997.png,61.772068,61.772068,61.995556,61.33397,61.030838,60.715317,61.316544,62.30978,63.45477,64.56367,65.76034,67.37283,68.52679,68.835045,68.835045
03001.png,35.7555,35.7555,33.161522,30.14196,31.106167,32.070374,33.312008,34.421272,36.617382,37.789013,38.148514,38.50801,41.24012,43.97223,43.97223
03004.png,82.2506,82.2506,82.63107,82.77263,83.177765,83.53174,84.53826,86.1493,88.05996,89.963135,90.78417,91.59477,90.7863,90.77558,90.77558
03010.png,136.51758,136.51758,136.18217,135.66792,136.83255,137.99718,138.51077,139.18192,139.61404,140.57132,141.74963,142.95319,147.7945,155.53595,155.53595
03012.png,57.78895,57.78895,55.724197,53.50962,53.621017,53.73242,53.437332,53.14225,52.805744,52.46926,51.837624,51.198967,52.706043,54.21807,54.21807
03018.png,76.21379,76.21379,81.301865,84.91138,86.826355,88.79244,89.18169,89.42355,90.13805,91.22929,93.30611,95.630295,96.93818,99.00749,99.00749
03022.png,56.148277,56.148277,54.932037,52.879166,52.130962,51.38276,51.086266,50.78978,49.753983,47.750923,43.19821,38.645504,36.31709,33.775734,33.775734
03025.png,25.214119,25.214119,26.403526,27.880215,29.219944,30.188465,29.573032,28.957607,28.455528,27.59428,27.595718,27.597153,28.68303,29.477562,29.477562
03031.png,94.34004,94.34004,95.267914,95.52701,95.67629,95.825584,96.117805,96.413925,95.22499,94.275215,91.67263,88.92949,86.23908,84.58565,84.58565
03034.png,106.00725,106.00725,107.39232,107.9314,107.91689,107.902405,108.32123,108.740036,108.05702,107.374,106.317474,105.21283,104.83829,105.5403,105.5403
03035.png,89.27841,89.27841,89.48278,89.91577,90.69319,91.47063,93.32162,95.030205,97.81711,100.635605,102.880585,105.46501,105.06737,105.70531,105.70531
03037.png,65.91626,65.91626,64.69648,64.02852,62.79126,61.554012,60.788383,60.022755,58.532856,57.043278,55.52468,53.41053,53.350502,52.956127,52.956127
03042.png,46.69232,46.69232,47.259705,45.91059,45.126747,44.16812,44.537457,44.918755,44.163177,43.212208,42.71918,42.24498,43.255653,44.041737,44.041737
03046.png,56.144787,56.144787,57.586452,58.902317,60.622486,62.34264,63.744576,65.023125,65.41821,65.8133,66.76427,67.74597,69.675575,71.78577,71.78577
03047.png,60.548733,60.548733,59.316933,58.30521,57.59388,56.87224,57.00518,57.138126,56.96265,56.762817,54.78869,52.790234,52.2282,52.02614,52.02614
03049.png,71.622505,71.622505,71.38829,71.170975,70.78308,70.19458,70.767334,71.21018,72.360725,73.51126,74.26567,75.38849,75.48015,74.64494,74.64494
03051.png,32.24593,32.24593,33.26944,34.393322,33.386803,32.130825,30.472664,28.691368,30.558502,32.413315,31.023945,29.634197,27.534382,25.434563,25.434563
03057.png,120.65728,120.65728,119.4725,119.59032,119.13309,118.679214,119.79816,120.9171,121.09419,121.27127,120.06727,118.94613,119.14363,120.01145,120.01145
03058.png,90.67149,90.67149,92.116806,92.82991,94.65584,96.481766,96.412964,96.344154,96.34317,96.3095,96.303566,96.61014,96.72222,97.12475,97.12475
03060.png,69.33212,69.33212,70.8585,71.97884,71.942635,71.906425,72.03458,72.16273,72.9767,73.79067,73.62728,73.46389,72.60556,71.5348,71.5348
03063.png,96.11163,96.11163,96.463326,96.52024,97.467705,98.41517,99.53861,100.69616,101.14842,101.60069,100.04047,98.48023,96.47313,94.50939,94.50939
03069.png,86.512955,86.512955,84.44492,82.87266,81.5019,80.012856,75.81569,72.29133,69.77052,66.04353,64.94936,63.607887,64.774345,65.9899,65.9899
03071.png,65.255356,65.255356,66.41547,67.73362,67.35785,67.0027,66.515495,66.02828,67.28571,68.543144,68.09988,67.73525,67.03189,67.11749,67.11749
03081.png,120.28122,120.28122,120.87918,121.69079,120.79777,119.913475,118.36502,116.0548,106.070435,96.014084,98.75175,101.03061,105.02509,110.43191,110.43191
03084.png,100.801025,100.801025,98.96648,97.025604,95.56767,94.257675,93.678314,93.23329,92.243515,91.25374,89.71504,88.061554,87.85518,87.91707,87.91707
03085.png,142.42177,142.42177,143.26942,143.67883,146.018,148.35721,150.42361,153.2135,157.08514,161.5339,162.90903,164.28415,162.0422,159.56027,159.56027
03087.png,33.51664,33.51664,33.617023,33.383297,32.716312,32.05836,29.672207,27.295109,26.561901,25.887287,26.236881,26.586475,29.081867,30.427967,30.427967
03089.png,96.62636,96.62636,96.069725,95.29194,94.82516,93.97315,91.479324,89.097336,88.2617,87.4895,89.64449,91.73225,96.19986,101.19688,101.19688
03091.png,92.13972,92.13972,92.432175,93.81357,93.3154,92.730644,92.71516,92.720245,94.054276,95.425354,95.39083,95.797516,95.963425,96.495346,96.495346
03096.png,40.71766,40.71766,40.43298,40.40898,40.957336,41.484604,42.546898,43.588097,47.87052,51.53685,55.234467,59.428543,62.47026,65.561844,65.561844
03102.png,84.16124,84.16124,82.30167,80.6184,79.35303,78.36647,79.435524,80.9456,81.33444,82.0093,83.3037,84.383736,86.28466,89.49042,89.49042
03107.png,65.01536,65.01536,66.46728,66.77065,67.493805,68.21696,69.670815,70.48584,71.43444,72.3854,72.855606,73.32582,73.30625,73.6066,73.6066
03111.png,114.25066,114.25066,110.08695,107.39291,104.8199,102.2469,102.635605,103.01512,104.276146,105.51174,108.18008,111.17505,111.71697,112.287636,112.287636
03124.png,105.95326,105.95326,103.52051,102.03382,101.80835,101.5599,101.366295,101.05476,101.32829,102.04805,104.092186,106.12414,106.770065,109.55925,109.55925
03125.png,103.12476,103.12476,99.945206,97.9931,96.28514,94.61751,92.46899,90.28898,88.05589,85.63719,88.22673,90.347664,90.99176,91.306496,91.306496
03134.png,53.58897,53.58897,51.258553,47.79989,44.80738,41.385643,41.163383,40.94114,40.62764,40.314117,38.675606,37.037113,35.582397,34.127678,34.127678
03139.png,98.732506,98.732506,97.68852,97.70336,96.21431,94.70863,93.874466,93.246956,91.14958,89.04967,87.48403,86.918236,84.335655,80.950165,80.950165
03151.png,7.3744354,7.3744354,7.2347565,6.69619,6.7213364,6.746475,5.538307,4.3301773,4.5141144,4.6980515,5.375885,5.9591446,6.9783173,7.6936417,7.6936417
03156.png,29.629223,29.629223,31.22728,31.268066,32.075287,32.882496,35.017555,37.152626,40.650307,42.9509,45.442368,47.93382,50.755386,53.643147,53.643147
03159.png,15.624393,15.624393,16.492157,16.505898,17.462345,18.418797,17.615871,16.812943,17.713825,18.614712,19.26894,19.923187,19.93929,19.581123,19.581123
03160.png,33.639915,33.639915,34.64094,34.73432,35.473103,36.211857,35.73617,35.260487,35.13616,34.47452,33.373882,32.27324,31.246647,30.193214,30.193214
03162.png,110.968994,110.968994,111.62219,113.41053,112.16238,110.94862,108.26587,105.86151,103.948784,102.55265,100.6154,98.64244,99.28833,100.1393,100.1393
03171.png,62.536358,62.536358,64.27585,65.544395,65.95959,66.37477,67.067566,67.760376,68.19264,68.62491,68.74574,68.86657,67.489746,66.51967,66.51967
03184.png,42.527958,42.527958,43.2605,44.123795,44.87893,45.504562,47.129784,48.75502,49.866302,50.94092,51.220158,51.69342,52.50917,52.781406,52.781406
03188.png,80.99674,80.99674,81.35287,81.85971,81.48511,81.11049,80.27632,79.449615,78.2879,77.171005,77.591,77.98941,78.01134,78.46542,78.46542
03192.png,77.06625,77.06625,75.67533,75.736084,75.176575,74.617065,75.17716,75.73725,77.91404,80.34689,81.93147,83.75375,85.65885,87.93475,87.93475
03193.png,84.75768,84.75768,82.912476,81.25551,78.78787,76.29051,74.90068,74.399345,73.9635,73.52766,73.679184,73.86737,73.734924,74.18012,74.18012
03196.png,37.681538,37.681538,40.59984,41.901634,42.77672,43.651817,44.66139,45.670963,46.178616,46.701035,46.28002,45.87378,47.26252,48.325256,48.325256
03197.png,105.258606,105.258606,103.88962,102.27648,103.26556,104.25463,106.5887,108.9547,109.78288,110.59509,111.46004,113.61704,116.297,118.97693,118.97693
03204.png,54.59316,54.59316,58.02912,60.016575,61.635086,63.253605,63.677288,64.100975,63.864975,63.628983,63.117188,62.612087,63.55894,64.75515,64.75515
03211.png,115.68797,115.68797,117.16822,118.66826,120.29735,121.92645,123.92197,126.114456,127.97135,129.83156,130.38531,131.80972,132.58722,134.23325,134.23325
03218.png,123.809364,123.809364,124.07024,124.09616,123.97759,123.85901,122.78445,121.70987,119.989655,118.26944,116.1438,113.92654,111.90839,110.33209,110.33209
03228.png,43.315437,43.315437,43.610725,44.01603,43.982224,43.72735,44.061844,44.39633,45.490143,46.305252,47.681763,49.086258,52.927383,56.802544,56.802544
03231.png,104.87517,104.87517,104.05649,104.2711,103.188866,102.20061,99.800995,97.65923,95.12428,92.51723,91.35421,90.61262,90.31824,89.56972,89.56972
03232.png,98.329666,98.329666,99.99795,102.05124,103.462616,105.0028,104.601295,104.70962,104.44924,104.41915,107.73712,111.30432,113.4034,115.54454,115.54454
03235.png,26.041317,26.041317,25.512608,23.523102,24.010803,24.428288,26.77238,29.116486,30.133968,31.151459,31.245262,31.083488,31.594036,32.133102,32.133102
03237.png,78.23096,78.23096,77.91853,77.754814,78.06732,78.37928,77.11786,75.85644,75.23906,74.60974,74.11798,73.72771,73.26532,71.59289,71.59289
03242.png,107.46876,107.46876,106.12104,106.08061,104.551895,103.0851,102.1225,101.298996,102.72748,104.59752,106.542046,109.71814,111.2669,114.58607,114.58607
03244.png,76.21363,76.21363,75.477516,75.79457,76.64374,77.73118,78.55031,79.369446,78.83566,78.29597,76.412155,74.57504,72.59093,71.01411,71.01411
03246.png,66.27411,66.27411,66.156075,65.654724,65.95389,66.270706,67.160355,68.05001,67.29954,66.549065,67.62951,66.76658,63.508858,59.71482,59.71482
03251.png,34.05809,34.05809,34.76302,35.088985,37.400036,39.21593,39.765602,40.29638,40.71592,40.793972,39.075836,37.176666,34.92984,32.07421,32.07421
03252.png,68.09009,68.09009,69.086136,70.30088,70.203575,70.09958,70.52681,70.73121,70.73573,70.699814,72.2184,74.0011,76.07699,78.00597,78.00597
03262.png,73.798584,73.798584,74.324486,75.09132,74.61728,74.14324,73.154686,72.40259,71.86919,71.35455,71.19195,71.029335,72.066895,73.91843,73.91843
03269.png,23.42405,23.42405,24.464214,24.141403,23.69434,22.594166,22.089191,21.134575,17.25127,12.22953,8.037491,3.5647736,5.4374466,7.126541,7.126541
03271.png,74.24102,74.24102,77.006584,79.172905,80.04874,80.9192,82.35664,83.798164,84.835884,85.801605,84.48191,83.1506,80.82369,77.69462,77.69462
03279.png,54.74285,54.74285,54.67691,53.571274,54.70829,55.871357,55.861275,55.8512,56.924404,57.99759,58.964565,59.63325,60.277107,60.67895,60.67895
03283.png,60.456654,60.456654,59.228607,57.23809,57.55214,57.54082,58.00831,58.475792,58.327953,58.208687,57.431885,56.74765,56.41339,55.975365,55.975365
03286.png,65.6373,65.6373,63.95507,62.567757,61.425644,60.283527,59.734577,59.174812,57.506355,55.837906,54.216187,52.594467,52.85533,53.013992,53.013992
03293.png,127.07315,127.07315,126.24224,126.2393,126.46617,126.69303,126.61723,126.59316,126.80537,127.01758,126.98674,127.37774,128.32043,131.05835,131.05835
03323.png,58.031887,58.031887,57.378662,55.682747,56.60163,57.520523,58.757042,59.993565,61.481495,62.96943,63.72097,64.48094,64.38713,64.54086,64.54086
03335.png,54.159653,54.159653,57.34561,59.649467,61.981804,65.2775,65.76037,66.24324,66.235176,66.241,68.53878,71.16149,73.87916,76.849754,76.849754
03338.png,105.04089,105.04089,103.68858,103.3385,104.90376,106.50708,107.622215,108.68834,108.63482,108.56621,107.18376,105.786194,105.63039,105.94563,105.94563
03352.png,81.60904,81.60904,82.19662,82.79453,82.25071,81.706894,80.560844,79.374115,78.53001,77.79099,75.81033,73.87692,72.15451,70.95749,70.95749
03358.png,76.95376,76.95376,79.05706,81.43981,82.110214,82.71452,83.75253,84.79053,85.51082,85.59175,84.01953,82.388885,79.899345,77.9902,77.9902
03372.png,76.386284,76.386284,78.34452,81.03505,83.32878,84.94488,87.01408,89.188194,91.78815,94.33275,95.83615,97.5684,97.882866,98.110214,98.110214
03381.png,118.40213,118.40213,116.63073,116.65583,113.65268,111.282364,109.34588,107.42325,105.1885,103.075455,103.14504,103.43128,103.70647,104.295685,104.295685
03390.png,84.961914,84.961914,86.22993,87.56694,86.87685,86.19211,87.18512,88.178116,87.41591,86.6537,81.93969,77.70563,74.86292,72.90255,72.90255
03392.png,61.0522,61.0522,61.3957,60.00326,58.648666,57.43619,58.404274,59.413307,59.250053,59.34789,60.273735,61.181618,62.59658,62.71538,62.71538
03400.png,51.120502,51.120502,53.37439,54.01249,56.087578,57.73845,58.52018,59.301895,59.46231,59.622734,58.630634,57.727695,57.002895,55.254738,55.254738
03403.png,33.34304,33.34304,34.707287,34.19141,34.364494,34.533756,33.711548,32.88933,32.75903,32.629173,33.120506,33.61183,31.645824,28.83495,28.83495
03411.png,115.60057,115.60057,116.68222,117.50236,117.414474,117.3266,117.58113,117.83567,118.344894,119.27076,119.3441,119.417435,117.96017,117.58263,117.58263
03413.png,80.07303,80.07303,79.8166,79.56993,78.67826,77.55646,75.61426,74.147865,73.25183,72.36416,72.618965,72.96726,73.27825,73.62051,73.62051
03414.png,41.621826,41.621826,41.055088,40.42415,41.751484,42.519547,42.966476,42.854126,43.904694,44.955246,44.868805,44.51087,44.352394,44.193913,44.193913
03418.png,48.986618,48.986618,53.94832,58.741714,63.351788,67.15107,70.37544,73.364746,74.78724,76.20973,76.9024,77.797325,77.9891,78.2165,78.2165
03427.png,140.50824,140.50824,142.93622,146.36526,147.9902,149.6064,149.14508,148.68156,149.38885,150.09467,149.41501,148.73534,145.15115,142.31894,142.31894
03429.png,101.879875,101.879875,98.96114,97.70952,96.59227,95.68662,94.223526,92.793434,92.039116,91.6559,93.61087,95.39886,97.02321,98.73599,98.73599
03430.png,67.18877,67.18877,69.2239,70.41266,69.89697,69.22473,67.41711,65.61087,63.771317,61.93315,61.710808,61.488464,62.217262,62.5063,62.5063
03431.png,88.075165,88.075165,89.06381,89.95967,90.38747,90.7791,92.45855,93.93329,93.742004,93.550705,93.39754,93.244385,93.64583,93.80362,93.80362
03433.png,77.76184,77.76184,76.90576,76.874146,77.591354,78.09116,78.22547,78.336945,78.55836,78.73816,78.91966,79.05582,78.92522,80.089966,80.089966
03434.png,33.944572,33.944572,34.806435,34.45623,34.644363,34.19222,33.261375,32.330524,32.216904,32.033768,32.016277,31.674236,29.989216,28.30421,28.30421
03440.png,136.27493,136.27493,133.64304,131.699,127.27217,123.8235,122.62415,121.43029,121.3743,121.31829,121.37612,121.45401,122.25519,123.5197,123.5197
03441.png,51.224743,51.224743,53.09307,53.51669,53.772995,54.029297,55.09481,56.076797,57.044376,58.011948,58.871178,59.7304,61.345078,62.98686,62.98686
03444.png,81.90189,81.90189,83.40801,84.867455,85.85532,86.866875,87.620224,88.52594,86.97327,85.59917,84.174545,82.70439,83.11515,84.01223,84.01223
03447.png,36.41682,36.41682,37.710197,38.04783,38.452496,38.857178,38.454933,38.05269,37.25895,36.46097,36.405132,36.14666,37.276833,38.406967,38.406967
03448.png,110.83411,110.83411,108.76077,107.93988,107.54729,107.176254,107.44415,107.65415,107.87584,108.09752,107.866974,107.712326,106.55684,105.123344,105.123344
03453.png,82.90663,82.90663,82.118675,81.695526,82.46278,83.0703,81.87299,80.57057,78.506325,76.51733,76.00738,75.23792,72.48451,70.08169,70.08169
03461.png,66.6551,66.6551,67.12997,67.84004,67.84252,67.844986,68.188614,68.53224,67.939995,67.34775,66.937706,66.527664,68.57099,70.85285,70.85285
03468.png,98.72712,98.72712,97.98625,96.88948,95.55409,94.218704,94.34303,94.46133,93.88227,93.30322,93.318184,93.593666,94.11008,94.51429,94.51429
03470.png,75.56738,75.56738,77.84536,78.967316,80.16315,81.37522,82.44408,83.43632,83.27121,83.029495,81.9192,80.86542,79.33649,77.085,77.085
03474.png,39.792713,39.792713,38.138523,34.688477,32.815826,30.899502,30.295074,29.690083,29.004166,28.317665,29.405087,30.490704,32.966217,35.22078,35.22078
03477.png,87.713326,87.713326,86.72386,86.49632,85.65285,84.809364,83.4306,82.05185,81.17524,80.29863,80.28927,80.2799,80.15946,80.19632,80.19632
03482.png,55.278126,55.278126,52.743904,50.831764,49.202465,47.501923,45.07245,42.642975,41.151382,39.659782,40.21617,41.13784,39.739372,36.66551,36.66551
03498.png,66.00946,66.00946,65.87754,66.58829,66.68417,66.78005,69.114204,71.24136,70.87974,70.518105,69.94919,69.30146,69.82339,70.44121,70.44121
03503.png,67.70062,67.70062,65.467865,63.43782,62.699265,61.960716,62.65007,63.35259,64.78497,66.21736,67.50222,68.58892,68.74459,69.305786,69.305786
03504.png,105.44487,105.44487,106.978134,107.56257,107.57925,107.59594,106.32398,104.9175,105.724945,106.51244,108.27044,109.65883,108.72066,108.12854,108.12854
03510.png,127.488556,127.488556,127.80855,128.90106,129.84677,130.91508,132.43521,133.95535,134.9682,135.98106,133.95374,131.92639,129.0339,128.01093,128.01093
03534.png,64.03981,64.03981,64.55273,65.27239,64.01533,62.762917,62.766983,62.771046,62.301678,61.77099,60.651405,59.4705,61.660927,64.24611,64.24611
03542.png,46.788677,46.788677,51.273388,54.23951,56.119217,57.998928,61.24636,64.4938,67.55085,70.60788,71.22849,71.08001,72.09876,73.6164,73.6164
03544.png,110.38452,110.38452,108.67631,109.33426,109.4066,109.46146,108.53685,107.61224,107.90971,108.207184,108.01042,108.614426,105.95463,103.1871,103.1871
03552.png,49.025356,49.025356,48.94839,48.256374,48.640984,49.02562,49.004055,48.982483,49.54355,50.006268,51.10897,52.211693,51.958298,52.150223,52.150223
03556.png,129.93011,129.93011,129.081,128.13792,130.59026,133.12473,135.81236,138.56844,139.33032,140.09225,139.00708,138.1105,138.57724,139.5922,139.5922
03560.png,72.01486,72.01486,74.42366,76.44211,77.884026,78.642136,78.884544,79.828064,79.81711,79.80616,80.02088,80.27911,80.578964,81.09561,81.09561
03563.png,94.16464,94.16464,93.686325,93.2025,93.44985,93.69169,95.87388,98.29217,99.91561,101.59545,102.95322,104.58897,106.75693,110.31427,110.31427
03564.png,46.55745,46.55745,47.79432,47.591362,42.098206,37.27738,34.719456,31.48626,36.829327,42.316216,41.14956,39.937527,47.841347,59.561424,59.561424
03575.png,39.373917,39.373917,41.26262,41.714455,41.5261,41.380905,41.81588,41.69621,43.08129,44.46637,44.58992,44.81346,43.67348,42.49336,42.49336
03583.png,39.20855,39.20855,40.13877,41.109974,43.87524,45.586784,47.206516,48.79258,50.580017,52.367455,53.31864,54.329525,55.724648,57.238842,57.238842
03587.png,73.459274,73.459274,72.36716,70.3032,66.87079,63.43839,60.854126,58.28842,57.604984,56.921547,58.444897,60.030807,62.714867,65.4746,65.4746
03594.png,88.11409,88.11409,88.675476,89.498,89.41399,89.60452,90.08948,90.60647,91.19699,91.76639,91.57883,91.45913,90.2711,90.00395,90.00395
03597.png,58.186478,58.186478,57.83819,56.45072,55.832764,55.214813,54.833305,54.29595,53.314445,52.33294,51.208187,50.08344,50.200733,49.507668,49.507668
03601.png,48.007633,48.007633,48.23633,48.43904,49.003788,49.613842,51.158512,52.942425,54.637524,56.046318,55.94718,55.84805,55.502136,54.726868,54.726868
03602.png,125.98127,125.98127,125.69608,127.06657,125.42665,123.79467,121.7082,119.6315,117.13242,114.56199,114.24223,114.5744,115.89624,117.22697,117.22697
03605.png,63.757133,63.757133,62.93934,62.307686,63.164814,64.02194,64.90873,65.79552,67.01733,68.23914,70.06539,70.95118,71.58573,73.14575,73.14575
03611.png,74.27527,74.27527,75.381874,76.495705,75.5404,74.338394,74.1302,73.922005,74.41626,74.917786,75.29564,75.85887,77.491455,79.13652,79.13652
03623.png,59.461697,59.461697,62.387463,64.3866,65.61014,66.83369,67.36348,67.89327,69.982155,71.599434,71.59638,71.59333,72.62282,75.04756,75.04756
03624.png,67.095825,67.095825,68.18848,69.59574,69.03302,68.47029,68.795395,69.1205,70.006165,70.9652,73.24126,76.310684,76.41514,77.18817,77.18817
03633.png,30.519684,30.519684,29.266968,27.527771,23.480408,18.984585,16.0864,13.188248,12.260693,10.868721,9.097801,7.2919617,5.3970566,2.323578,2.323578
03634.png,82.32174,82.32174,80.858604,79.49562,79.364525,79.1557,78.71532,77.88579,79.20729,81.12922,82.47704,84.15068,87.35426,90.78012,90.78012
03636.png,-24.080338,-24.080338,-21.82415,-19.312744,-20.67987,-21.876144,-19.924866,-17.967628,-14.576767,-11.174797,-8.558876,-5.931816,-2.6923141,0.678772,0.678772
03641.png,73.13939,73.13939,74.942825,76.97501,75.780594,74.586174,73.470535,72.46907,70.49027,69.15421,67.09636,63.51585,59.998993,56.113514,56.113514
03642.png,7.9887924,7.9887924,9.958939,11.591778,14.003586,16.023167,20.610477,25.083183,27.052738,28.456684,28.902603,29.34853,31.523067,33.10888,33.10888
03648.png,138.90277,138.90277,134.54407,133.19788,131.67862,130.59908,127.09712,123.24138,122.19788,121.669815,123.342224,125.174576,126.14578,127.24775,127.24775
03651.png,67.59285,67.59285,66.11379,64.68606,65.66091,66.635765,68.76917,70.63951,71.832115,73.02472,74.612305,76.21312,78.35966,81.58776,81.58776
03659.png,52.35068,52.35068,55.08471,56.337353,56.90645,57.488064,56.07605,54.664032,54.535088,54.406136,54.944992,55.48385,56.149937,57.34099,57.34099
03665.png,28.174088,28.174088,27.108532,25.105179,24.347897,23.590641,23.157005,22.69373,23.659153,24.615936,24.958942,24.174633,22.992676,21.810703,21.810703
03666.png,76.90044,76.90044,78.09598,79.08248,79.585526,80.08858,80.11242,79.98099,79.66059,79.201904,77.45064,76.30332,74.9182,72.43149,72.43149
03677.png,52.69322,52.69322,52.904884,53.334846,53.974472,54.071224,53.25305,52.40394,50.26194,48.11994,47.150467,45.77584,45.513268,45.59916,45.59916
03678.png,54.115337,54.115337,55.724415,57.310215,59.66053,61.824783,64.22971,66.68009,68.3403,69.174576,68.72768,68.28077,66.4786,64.70044,64.70044
03679.png,23.3723,23.3723,24.80355,25.328678,23.092484,20.648354,20.821697,20.995064,21.556843,21.957607,23.7771,25.573257,28.54248,29.333359,29.333359
03684.png,108.93141,108.93141,109.9231,109.97183,109.83403,109.696236,110.13393,110.571625,111.635254,113.19341,114.875565,116.557724,119.403854,123.61479,123.61479
03686.png,26.11129,26.11129,25.373222,23.289867,22.960236,22.528065,22.559341,22.5906,22.143505,21.179222,19.624908,18.070572,18.189556,18.308552,18.308552
03694.png,16.37955,16.37955,17.91798,18.215462,19.530445,20.564056,22.05952,23.513142,23.7864,24.059677,25.765614,27.47158,29.191685,29.783546,29.783546
03701.png,85.61849,85.61849,85.27144,84.607056,84.6801,84.68263,84.43213,84.06771,81.46191,79.33086,76.96315,74.62923,73.203575,71.26995,71.26995
03703.png,112.392715,112.392715,112.92435,113.04124,112.03651,111.23749,112.30325,113.36904,115.77168,118.11249,118.88827,119.77295,119.99614,120.246155,120.246155
03709.png,59.411346,59.411346,57.930805,56.2189,54.507324,52.795746,51.15879,49.521828,48.308388,47.09494,47.14799,47.20105,46.908905,45.696457,45.696457
03711.png,59.48048,59.48048,61.788982,64.005844,64.83735,65.67155,65.047745,64.165,63.918518,63.53784,62.251465,60.830887,58.82225,57.04364,57.04364
03713.png,102.06206,102.06206,99.83729,97.263016,95.236084,93.250046,90.33013,88.211784,85.756035,82.90671,81.32818,79.98123,81.03366,81.92356,81.92356
03719.png,71.11093,71.11093,69.23715,67.737305,66.04962,64.361946,62.138844,59.91575,59.149628,57.862057,59.11993,60.56345,62.673424,64.81415,64.81415
03728.png,77.64988,77.64988,78.848076,79.780136,80.03195,80.50972,81.07746,81.63975,82.17608,83.00272,84.18443,85.36615,85.41058,85.6485,85.6485
03733.png,100.5233,100.5233,98.6528,96.95544,96.19158,95.42773,94.50047,93.57321,94.5041,95.43498,96.17649,96.59907,96.495026,96.281624,96.281624
03735.png,55.91727,55.91727,59.843925,62.23594,61.343033,60.854416,62.012955,63.08464,63.935356,63.61006,60.97566,58.158688,56.799393,53.469883,53.469883
03744.png,65.21475,65.21475,65.52937,66.637634,65.942245,65.26862,65.39076,65.5379,65.842926,66.14794,67.823135,70.28001,74.69685,79.287766,79.287766
03756.png,65.53478,65.53478,65.502,65.68804,66.40688,67.125725,67.6462,68.178825,69.27809,70.376595,70.82325,71.20606,71.71476,73.06781,73.06781
03758.png,109.75391,109.75391,108.84378,110.297714,112.34067,114.63109,115.67459,116.7181,116.10506,115.49203,115.010925,114.59836,112.43167,111.02644,111.02644
03769.png,110.100586,110.100586,109.324844,109.19156,108.94359,108.69561,109.70883,110.722046,111.31778,111.82907,111.89308,112.311386,113.89082,115.49395,115.49395
03771.png,77.32176,77.32176,76.70605,76.27568,74.76642,73.6006,72.49474,70.997765,72.31988,73.251335,75.06039,76.99206,79.65609,82.541664,82.541664
03772.png,64.76355,64.76355,63.92016,62.867374,62.623253,62.379128,62.45269,62.526245,63.08553,63.644814,64.939896,66.23498,66.769714,67.45773,67.45773
03776.png,78.67939,78.67939,79.629585,80.93336,82.50376,84.04979,85.136086,86.37809,87.48937,88.521576,89.67981,91.26537,90.698746,89.488655,89.488655
03778.png,52.913357,52.913357,48.9795,45.257393,43.755913,42.28881,41.093994,39.899193,39.21972,38.540276,39.462685,40.589195,42.75866,43.385902,43.385902
03789.png,5.7913437,5.7913437,8.428085,9.718494,11.120827,12.459377,13.821068,15.182774,16.808163,18.433548,20.74028,23.052097,25.954418,27.53093,27.53093
03792.png,77.41322,77.41322,76.33275,76.89373,75.49653,74.09933,73.3746,71.870094,70.08453,68.29897,66.19554,64.092125,63.577953,62.62407,62.62407
03793.png,84.9213,84.9213,82.73619,80.6906,78.76674,76.84486,75.09717,73.35711,72.885414,72.41372,71.80796,70.97933,69.869385,67.94176,67.94176
03798.png,58.688133,58.688133,56.132042,53.975636,53.54351,52.984726,50.837578,48.009705,45.936985,44.210587,43.521675,42.83277,41.663277,40.082157,40.082157
03799.png,147.31639,147.31639,145.53271,146.37666,144.70749,143.03833,142.02237,141.00146,140.68329,140.36331,141.68024,142.99712,142.33098,143.76169,143.76169
03803.png,19.465431,19.465431,21.973492,24.156116,26.005745,27.855343,27.848804,27.842274,30.174145,32.506023,31.893433,31.282032,29.391464,26.803005,26.803005
03805.png,71.70354,71.70354,72.18141,72.84581,73.15932,73.47283,72.86226,72.251686,71.2164,70.199425,70.3341,70.48707,70.2434,70.90676,70.90676
03816.png,28.16359,28.16359,29.22144,28.73951,28.499596,28.25967,28.250546,28.241428,29.079773,29.91811,30.26884,30.61959,31.689564,30.107796,30.107796
03819.png,29.142296,29.142296,31.906883,34.49038,37.994442,38.91141,39.31175,38.99266,40.61845,41.89798,42.5484,43.295464,43.62443,43.82715,43.82715
03822.png,63.59645,63.59645,64.68851,64.85781,65.04121,65.224594,65.520645,65.81668,66.67007,67.523445,69.777985,72.32388,74.35365,76.75084,76.75084
03828.png,64.37582,64.37582,63.44139,62.74158,62.05707,61.38089,60.397186,59.1682,59.46415,59.50648,59.438915,59.371353,58.39708,57.43158,57.43158
03830.png,76.40673,76.40673,75.92326,75.752884,74.50652,73.26016,70.84149,68.67145,65.991936,63.103233,62.37397,60.899048,59.018867,57.471615,57.471615
03840.png,60.934013,60.934013,63.877518,67.445816,67.46894,67.937584,70.14292,72.682465,73.74943,74.83156,71.32436,67.89638,67.6653,68.787605,68.787605
03842.png,78.6738,78.6738,77.803955,77.58999,75.593925,73.92139,72.23826,70.55513,69.84286,69.13926,67.73099,66.32272,65.33634,64.81705,64.81705
03852.png,54.45538,54.45538,54.745197,55.09602,55.372528,55.64903,55.11863,54.58821,53.141502,50.606594,49.325073,47.93506,44.39743,40.820965,40.820965
03855.png,106.04287,106.04287,105.41882,105.338486,106.26901,107.199554,107.26248,107.30874,107.761215,108.50806,109.68398,110.85991,110.046555,109.74849,109.74849
03856.png,81.71091,81.71091,81.12098,80.68842,79.10978,76.77735,74.426674,71.75552,72.94892,74.14231,74.739685,75.62151,77.1593,78.78195,78.78195
03857.png,23.766003,23.766003,25.062359,24.769955,23.844078,22.914783,22.89838,22.858078,24.2953,25.593445,27.721237,29.849026,32.535984,35.549767,35.549767
03862.png,90.85233,90.85233,88.80333,87.17003,85.453384,83.73674,81.655685,79.68689,77.40155,76.31906,76.023285,75.843315,75.898926,76.437225,76.437225
03864.png,46.680473,46.680473,48.6168,50.65495,50.63496,50.13694,48.20951,46.282074,45.085743,43.800323,42.15216,40.356297,37.86938,35.381874,35.381874
03866.png,75.80743,75.80743,75.06849,73.808586,74.469154,75.122986,75.03837,75.05156,75.20666,75.36175,75.944885,76.54481,77.15846,77.07393,77.07393
03867.png,95.57512,95.57512,95.098755,95.046364,95.72088,96.445526,97.345505,98.245476,99.44783,100.86622,102.202446,104.49249,104.66046,104.86938,104.86938
03869.png,102.20619,102.20619,103.09489,104.53954,105.46454,106.85275,109.60169,116.88637,112.14085,107.85721,105.99886,104.126175,104.26373,104.937775,104.937775
03879.png,98.37309,98.37309,98.60754,99.08085,98.79783,98.51481,98.89007,99.24075,98.84162,98.44249,97.43413,96.42578,94.90335,92.67388,92.67388
03882.png,58.66692,58.66692,57.455956,56.0541,54.90361,53.753113,53.776985,53.80085,52.786087,51.77134,51.10527,50.489967,50.009415,49.68716,49.68716
03898.png,100.87918,100.87918,101.50706,101.41457,101.04437,100.65125,100.658134,100.66502,99.73219,98.79937,98.66078,98.5222,99.03386,99.869835,99.869835
03905.png,45.680984,45.680984,45.364407,45.84626,42.774406,39.763714,38.42637,37.08882,35.543907,33.98191,33.177002,32.372097,33.781292,34.64578,34.64578
03909.png,65.027824,65.027824,64.05742,63.279453,63.028324,62.7772,63.46768,64.15816,63.30275,62.447342,63.939827,65.43448,68.17089,71.51833,71.51833
03912.png,138.71024,138.71024,146.47797,151.19778,147.69214,143.05212,126.30727,106.24887,85.48104,65.01432,63.175575,61.36734,68.660095,76.170555,76.170555
03930.png,36.309757,36.309757,37.387947,37.905132,40.336796,42.768456,43.84446,44.92045,44.996487,45.08188,44.842392,44.612274,43.89895,42.446648,42.446648
03931.png,59.45398,59.45398,59.99167,60.855457,61.12726,61.399055,61.074863,60.74436,62.02205,63.29972,65.505936,67.918274,69.32608,71.02622,71.02622
03937.png,48.752502,48.752502,50.75132,50.7117,50.212532,49.71337,51.017303,52.346786,53.00141,53.65603,54.30462,54.91536,58.819393,62.72343,62.72343
03942.png,84.63378,84.63378,83.85524,83.62028,82.68754,81.7548,81.27252,80.78405,79.74196,78.65634,77.10886,76.298836,74.62048,72.94949,72.94949
03945.png,56.673595,56.673595,57.368774,58.2751,59.210743,59.983685,61.53186,63.080025,63.611835,64.14364,64.18136,64.21907,64.487236,64.44131,64.44131
03949.png,80.33433,80.33433,79.51254,79.1848,77.64505,76.221436,75.229515,74.45845,73.949776,73.4411,73.413216,73.391685,74.519905,76.18179,76.18179
03951.png,65.50942,65.50942,65.536606,64.71287,63.233524,61.754185,60.54442,59.340347,59.321796,59.30422,58.904312,58.433636,58.70331,58.645035,58.645035
03956.png,83.58595,83.58595,78.16374,73.948044,71.59364,69.26894,68.84444,68.61286,69.85785,71.58425,74.58062,77.36344,81.0466,85.57321,85.57321
03957.png,72.96667,72.96667,73.87106,74.65188,74.9735,75.29513,74.4465,73.59788,73.528145,73.45841,73.10839,72.75837,68.974754,64.12504,64.12504
03961.png,92.312515,92.312515,82.43492,73.39645,61.42577,50.894497,37.679344,26.4264,23.585575,20.832924,17.597141,14.965481,18.762638,23.210846,23.210846
03967.png,99.895004,99.895004,98.587746,99.64215,101.30691,102.99166,103.965164,104.93866,105.376915,105.81517,106.65621,107.49725,108.26897,109.93787,109.93787
03973.png,127.59637,127.59637,130.01175,132.34773,133.22513,134.10526,132.96071,131.86505,131.02962,130.24034,128.13643,126.122116,125.943985,125.92161,125.92161
03980.png,28.122028,28.122028,34.463463,38.50822,40.504417,42.499146,40.70936,38.919567,36.434704,33.921543,32.01636,30.080883,30.478577,28.689274,28.689274
03986.png,48.085384,48.085384,46.772198,46.16014,45.266212,44.344627,44.90204,45.52548,44.524853,43.411385,43.74759,43.910328,43.896343,43.524338,43.524338
03988.png,75.19439,75.19439,72.154915,69.50186,69.0573,68.61274,68.16166,67.76764,69.03849,70.30935,71.55035,72.79135,73.146774,73.07793,73.07793
04000.png,84.42346,84.42346,84.482925,84.595604,87.62737,90.78009,101.75675,112.055084,119.04492,125.62639,135.15625,141.13826,141.2686,140.8211,140.8211
04006.png,43.93179,43.93179,43.989685,44.27934,45.705048,47.115788,49.7722,52.389114,54.338966,56.288837,56.292805,56.296776,56.915985,57.72709,57.72709
04007.png,42.732895,42.732895,45.362186,46.362267,48.778957,51.18769,53.805096,55.813896,56.474148,57.309364,57.408226,57.01497,57.01153,57.728413,57.728413
04008.png,68.24865,68.24865,67.24383,65.35897,63.781906,62.397224,61.39329,60.322334,60.965034,61.612514,63.88264,66.32364,68.49048,69.79419,69.79419
04009.png,72.85912,72.85912,72.16695,71.55578,70.80657,70.057365,69.53674,69.042076,68.417694,67.39378,67.040726,65.86237,65.21028,64.877335,64.877335
04015.png,69.899345,69.899345,70.42178,70.544266,73.193985,74.23167,74.706635,75.21589,75.34684,75.4778,75.30053,75.126564,75.18436,76.07699,76.07699
04021.png,82.19697,82.19697,84.477165,86.231316,86.63529,86.986305,87.66217,88.09775,87.86798,87.56539,86.81445,85.947655,85.74946,85.841965,85.841965
04024.png,131.45316,131.45316,130.74155,130.57867,130.77142,131.60754,131.00345,130.76581,131.04088,131.31595,130.72423,130.267,129.2355,128.73654,128.73654
04030.png,86.92012,86.92012,87.47841,88.25018,88.44237,88.48619,88.103294,87.61987,88.926155,90.21065,92.0101,93.71533,93.4453,92.39427,92.39427
04033.png,85.685165,85.685165,88.66676,90.220795,92.12579,94.21476,96.428665,98.64258,100.21356,101.78455,102.92323,104.0619,105.67767,107.69153,107.69153
04036.png,71.870316,71.870316,72.15313,72.60022,74.062675,75.53645,77.01945,78.50243,80.00177,82.11896,82.8146,83.50588,82.72785,82.12456,82.12456
04037.png,56.55478,56.55478,58.60354,59.474648,61.74572,64.37373,64.985596,65.79331,67.13776,68.48219,71.41951,75.213524,76.23255,77.52158,77.52158
04038.png,30.71381,30.71381,32.292187,32.478718,33.663647,34.842274,35.260906,35.67955,36.283474,36.24644,35.596077,34.913593,35.927948,36.504562,36.504562
04042.png,-20.398575,-20.398575,-23.132072,-25.745735,-23.631828,-21.517921,-19.14238,-16.682198,-11.681747,-8.0009,-5.4500885,-3.408615,-2.875908,-3.2447052,-3.2447052
04043.png,94.41489,94.41489,94.615845,94.48281,93.06424,91.52559,89.63367,87.741745,88.00996,88.45364,90.066086,92.02356,92.837555,93.3421,93.3421
04046.png,51.86528,51.86528,49.696777,47.728165,47.068947,46.384956,46.814724,47.043755,48.1258,49.20784,50.76075,52.227295,52.72228,53.241875,53.241875
04048.png,91.20452,91.20452,89.62984,87.32298,87.29934,87.275696,88.61336,89.81652,91.89506,93.9057,94.4924,95.13923,94.66303,93.92876,93.92876
04051.png,92.38721,92.38721,92.96962,92.64241,92.70578,92.72713,91.35057,89.9773,89.46795,88.958595,89.259735,89.46063,87.83259,85.99943,85.99943
04055.png,57.68341,57.68341,60.47179,62.62056,64.22461,65.82866,66.627594,67.455345,69.14654,69.90135,70.451836,71.00231,72.29735,74.112175,74.112175
04057.png,19.37061,19.37061,20.270329,19.358341,20.467155,21.575962,22.23344,22.8909,20.939945,18.988995,18.882214,18.775425,20.776428,19.85334,19.85334
04059.png,47.325462,47.325462,46.064484,44.338554,44.041317,43.74408,44.989174,46.14987,45.46455,43.811028,43.643753,43.476475,44.52186,45.601933,45.601933
04065.png,24.071095,24.071095,23.231312,22.000053,22.0042,21.800926,21.375874,20.629017,21.098816,21.568611,22.901615,23.646034,26.49963,29.427109,29.427109
04066.png,89.4662,89.4662,88.85121,87.801384,87.579765,87.374214,86.116714,84.99287,86.25668,87.3886,88.539894,89.72153,90.38499,90.05825,90.05825
04077.png,39.49307,39.49307,39.546894,39.773285,40.25145,40.72962,45.563442,49.22441,52.31355,55.402683,56.356277,57.495167,60.263977,63.18953,63.18953
04079.png,71.63272,71.63272,70.40429,69.445206,69.319336,69.193474,69.39033,69.58718,70.03211,70.24159,70.602936,70.40658,71.9819,74.32049,74.32049
04080.png,54.52775,54.52775,54.03988,52.46136,53.355263,54.24918,55.914444,57.57972,57.987766,58.39581,59.83208,61.268345,63.756733,66.71744,66.71744
04084.png,116.93707,116.93707,117.77034,119.20145,118.52055,117.83366,115.838806,113.82326,111.07498,109.023346,107.97505,106.88945,106.954315,107.1147,107.1147
04087.png,91.72476,91.72476,91.47426,90.77428,90.47743,90.31191,90.05008,89.99491,89.33931,88.99347,87.32314,83.752556,81.331406,78.92274,78.92274
04089.png,90.13128,90.13128,91.58653,92.510635,92.8037,92.80353,92.46687,92.11807,91.71904,91.32002,91.782845,92.24817,92.125374,92.72583,92.72583
04092.png,61.382416,61.382416,61.280163,61.044487,61.651108,62.257744,61.15537,59.785698,56.924065,54.07985,52.402756,50.72565,48.99212,46.252716,46.252716
04095.png,29.358738,29.358738,28.445644,26.530231,26.115944,25.669983,24.745289,23.820564,22.298874,20.777187,19.081013,17.1675,18.154285,17.383926,17.383926
04098.png,50.521996,50.521996,51.273376,50.5466,50.608135,50.669666,50.028297,49.39264,50.417915,51.443195,51.351738,51.266922,51.083244,50.911907,50.911907
04100.png,100.38108,100.38108,102.3961,103.48244,103.632454,103.773705,104.28633,105.08693,104.673904,104.35666,104.72659,105.09652,105.24716,105.420135,105.420135
04111.png,107.34268,107.34268,106.40375,105.70952,105.98658,106.56511,105.62355,104.939804,106.288536,108.23572,112.45749,116.679245,116.7327,117.065704,117.065704
04114.png,141.35576,141.35576,146.71742,151.38553,155.53108,159.6766,153.34207,147.00754,143.81374,140.6152,138.64699,136.67879,136.77087,136.23521,136.23521
04129.png,98.03204,98.03204,97.685776,96.89885,96.033,95.2435,92.84176,90.375786,87.0584,84.57237,81.25781,78.64302,75.71535,72.81215,72.81215
04134.png,37.612156,37.612156,38.117687,37.258312,36.624786,35.267506,34.441807,33.611443,34.09076,34.570072,34.865807,34.986977,34.322567,33.65815,33.65815
04137.png,79.73689,79.73689,78.905464,77.90916,76.91366,75.92434,74.36685,72.929054,71.91079,70.67223,70.58764,70.521706,70.92219,71.49029,71.49029
04141.png,51.284378,51.284378,52.459007,52.18869,51.8236,51.458138,51.949997,52.441845,51.684517,50.92654,50.5791,50.23168,51.634727,52.982925,52.982925
04147.png,68.56349,68.56349,67.55477,66.48618,66.85261,67.91535,66.96002,66.025536,64.488945,63.502453,62.377415,61.22687,61.10671,60.750793,60.750793
04152.png,74.83754,74.83754,74.9255,75.18874,74.07539,72.38372,72.3117,72.092964,71.79216,71.513084,71.913315,72.315796,73.09439,74.29046,74.29046
04154.png,38.62259,38.62259,40.695484,41.0789,41.611103,42.14331,42.867516,43.59172,44.677193,45.762665,48.018127,49.82702,52.953064,56.537437,56.537437
04168.png,97.86419,97.86419,96.15577,95.08567,94.81752,94.61056,96.250694,97.74936,99.34384,100.995575,102.80336,104.61116,103.6466,102.97557,102.97557
04170.png,84.474174,84.474174,84.56894,84.69371,83.90937,82.95109,82.56458,82.074265,80.39208,77.882965,75.38249,72.90737,67.48718,62.44918,62.44918
04171.png,6.699379,6.699379,4.919731,2.8802414,1.6447449,0.40924072,-0.20973206,-0.72084045,-0.12792969,0.56638336,2.81707,4.631325,7.0147705,9.317963,9.317963
04172.png,67.22215,67.22215,67.779106,67.847755,67.69637,67.42148,67.07628,66.73431,66.394356,66.0544,65.898735,65.74307,65.39187,63.47791,63.47791
04173.png,67.66216,67.66216,66.054855,64.25163,63.77883,63.306026,62.806885,62.307747,63.037968,63.768192,65.288,66.8082,68.201996,69.52208,69.52208
04178.png,74.37356,74.37356,73.71189,73.347374,73.48145,73.61553,74.98736,76.359184,76.160095,75.961006,75.71173,75.46246,74.881485,74.776306,74.776306
04181.png,118.111176,118.111176,113.28691,110.828,107.63729,104.44658,102.092026,99.87706,98.79945,97.81413,97.01552,96.56267,96.712395,96.60132,96.60132
04185.png,54.12542,54.12542,54.493668,54.56661,55.60185,56.6371,56.51867,56.400238,55.579453,54.75867,54.72638,54.694096,54.768124,54.40771,54.40771
04186.png,79.44606,79.44606,78.97683,78.76838,77.8988,77.52181,76.78279,76.04377,75.30116,74.558556,74.485306,74.41923,73.84176,73.0731,73.0731
04196.png,14.355732,14.355732,10.4430275,6.6944885,8.637051,8.296494,12.17083,13.102638,13.604431,14.106213,15.682835,17.137737,20.15121,21.421585,21.421585
04201.png,96.59336,96.59336,92.037834,89.4348,85.8665,82.50648,79.05208,75.597534,76.67407,77.68739,78.97479,80.7408,81.84133,82.91147,82.91147
04206.png,108.51224,108.51224,109.75363,111.35906,112.18192,112.944824,112.23065,111.491165,109.301956,107.69529,107.284454,107.01131,107.44974,107.67584,107.67584
04207.png,92.6307,92.6307,92.94525,93.2544,93.61351,93.94654,93.01905,92.09157,89.60736,87.756485,85.68275,83.18335,82.098816,81.46486,81.46486
04213.png,74.55828,74.55828,74.87307,75.08689,75.50226,76.11369,75.8728,75.614815,75.89088,76.18799,77.67887,79.21545,80.207504,81.2147,81.2147
04217.png,113.62107,113.62107,111.47536,111.07458,109.15001,107.22036,105.98279,104.817924,104.061745,103.30558,103.96753,105.18413,106.15604,107.67624,107.67624
04220.png,55.752625,55.752625,54.82612,53.09566,52.959183,52.8227,53.907467,54.930763,55.925644,56.87773,58.911125,60.94451,63.324837,66.187515,66.187515
04226.png,96.427795,96.427795,96.73324,96.16843,95.50388,94.95861,94.59511,94.2316,93.44947,92.925606,91.3494,89.888245,88.29687,86.47233,86.47233
04230.png,5.439354,5.439354,5.094368,4.619011,4.305191,3.991356,5.178482,6.2435226,6.5853424,6.8880997,8.111412,9.334728,9.817097,9.8966675,9.8966675
04233.png,43.670666,43.670666,42.354355,40.692944,38.874374,35.921177,34.044605,32.168045,31.170498,29.854076,30.330677,30.807281,30.657742,30.508205,30.508205
04238.png,72.25373,72.25373,75.25508,77.542305,78.15017,78.758026,78.02449,77.290955,76.45682,75.62268,76.19936,76.82787,78.940506,81.20799,81.20799
04241.png,83.995026,83.995026,81.731445,78.91099,75.61985,71.99676,68.367386,64.79431,63.572083,62.34986,62.169453,61.8919,63.258713,64.64141,64.64141
04242.png,45.600143,45.600143,43.70307,41.678246,43.743416,45.808582,47.04599,48.28341,48.021736,47.15908,45.220966,43.29426,43.928616,43.721066,43.721066
04244.png,73.63329,73.63329,73.126816,72.91234,71.998695,70.86553,72.14312,73.10914,73.7469,74.33756,73.00975,71.681946,69.92458,68.30397,68.30397
04248.png,96.36854,96.36854,98.17606,99.39122,100.23901,101.08681,101.06955,101.0523,100.30105,99.54979,98.993675,98.96823,97.68588,96.40356,96.40356
04251.png,30.142906,30.142906,31.597843,30.851437,30.991718,31.12349,31.6419,32.151783,31.701454,31.25113,31.645443,31.664986,33.170567,34.673588,34.673588
04253.png,36.319145,36.319145,37.383335,37.300007,39.30916,41.31832,43.20873,45.099148,44.598724,44.098312,44.873978,45.931953,43.724266,41.516586,41.516586
04254.png,57.5888,57.5888,58.3833,58.38546,59.290688,60.210354,59.683334,59.29088,60.69478,62.100647,61.96621,61.83287,61.387,60.798103,60.798103
04255.png,47.440674,47.440674,49.3012,50.662735,51.84188,53.02101,52.696167,52.371323,53.325745,54.280167,54.881622,55.483063,56.567516,58.126495,58.126495
04262.png,132.92511,132.92511,131.86356,131.00502,131.3309,131.75641,132.31125,132.86609,133.35182,133.83755,133.77592,133.71431,131.04872,129.72462,129.72462
04274.png,89.804085,89.804085,91.863815,92.8974,93.294464,93.69153,93.782364,93.87322,95.02557,96.1779,95.86009,95.59684,94.69873,93.65477,93.65477
04275.png,49.35755,49.35755,48.958565,47.801086,47.034046,46.042175,45.469597,45.04155,47.379047,49.457184,50.198715,50.941,51.985935,53.650394,53.650394
04278.png,72.200806,72.200806,71.136,71.01137,70.86176,70.659065,71.55179,72.44451,73.884995,75.32547,75.965675,76.70536,77.444725,78.56956,78.56956
04281.png,63.524902,63.524902,62.605953,61.582138,60.268307,58.954475,57.95548,56.650288,58.05669,59.46309,60.87506,62.28704,61.84881,61.475113,61.475113
04297.png,93.9437,93.9437,95.69889,98.32201,99.26233,100.62062,102.20298,104.25801,104.84993,105.44185,105.17729,105.84283,107.5334,109.209915,109.209915
04299.png,99.11858,99.11858,96.371185,95.02453,93.44295,91.76278,90.815025,89.86726,88.06325,86.55597,85.80311,85.68218,86.43453,87.5543,87.5543
04300.png,67.13437,67.13437,67.0388,66.75327,67.57939,68.41174,69.57423,70.73671,70.23092,69.72514,68.26057,66.381966,64.9732,63.828243,63.828243
04304.png,68.67166,68.67166,69.32511,70.16317,68.98878,67.84274,66.616455,65.41853,63.734325,62.050117,61.102337,60.135887,59.95673,59.473103,59.473103
04310.png,46.81541,46.81541,46.517437,44.918133,43.643997,42.369858,41.64201,40.80793,39.905575,38.922142,37.410374,35.89861,34.811527,30.85353,30.85353
04315.png,63.64181,63.64181,63.15081,63.235634,62.476463,61.717278,61.78182,61.415546,63.425877,65.55628,68.78034,72.03085,72.04583,73.099,73.099
04317.png,86.06569,86.06569,85.01177,84.4678,84.50368,84.54817,83.68731,82.95581,80.386284,77.305664,76.30695,75.405396,73.2658,70.74802,70.74802
04318.png,71.693695,71.693695,73.13689,74.7376,75.5263,76.44615,80.06631,83.21527,85.24767,87.18359,86.383575,85.16333,82.86653,80.51286,80.51286
04321.png,72.14767,72.14767,71.60583,71.1603,70.95556,70.750824,71.30391,71.856995,71.32688,70.79676,69.83893,67.97687,66.374405,64.808685,64.808685
04334.png,93.675476,93.675476,92.623405,91.19185,90.29577,89.39827,89.44445,89.56041,88.876785,88.08136,87.99124,87.911316,89.18024,90.81644,90.81644
04338.png,14.086243,14.086243,17.279999,19.066044,20.85347,22.640896,26.370468,27.874905,29.383472,30.717426,30.86641,31.015404,32.859108,31.51801,31.51801
04339.png,94.3637,94.3637,97.389404,99.02927,98.29089,97.55252,95.973114,94.28424,92.477844,90.67145,89.10742,88.24873,91.26285,94.276955,94.276955
04342.png,135.82777,135.82777,137.04633,136.7746,130.54768,124.93843,123.609726,125.08174,123.89191,122.70206,121.947876,121.715935,120.77243,119.98881,119.98881
04343.png,63.421715,63.421715,63.171745,62.11976,61.980457,61.841156,60.583023,59.324875,59.336407,59.347923,61.433155,63.518375,66.86957,70.42993,70.42993
04345.png,75.34935,75.34935,75.63487,75.88446,76.14472,75.53627,75.531586,76.26376,76.842995,77.56947,78.98987,80.09559,81.027176,83.02936,83.02936
04349.png,53.111008,53.111008,53.679253,52.55529,52.07375,51.59222,49.943146,48.29409,47.053688,45.813297,44.57187,42.603577,44.046894,45.972366,45.972366
04353.png,77.56681,77.56681,80.97908,82.1559,81.56751,80.97913,80.11733,78.68701,77.098854,75.41751,77.22748,79.245026,81.40299,83.50096,83.50096
04357.png,60.17711,60.17711,60.960236,61.809067,61.582348,61.440052,61.146774,60.47293,61.271606,62.070286,62.85095,63.1617,63.11245,63.187782,63.187782
04362.png,58.53815,58.53815,61.248642,62.931503,63.680763,63.533348,64.530075,65.552666,67.756516,69.96037,72.16879,73.91185,76.18571,78.82005,78.82005
04373.png,-5.722046,-5.722046,-3.0356903,-1.2887344,-0.67642975,0.014266968,-0.38620758,-0.88455963,-1.1865082,-1.6128616,-0.76908875,0.26843262,-0.31248474,-3.8048325,-3.8048325
04378.png,41.637962,41.637962,53.526337,65.23974,77.67128,88.46549,91.662445,93.63241,99.54419,105.59338,104.13584,100.069275,98.62691,96.5479,96.5479
04384.png,126.553406,126.553406,126.667336,128.5318,126.50526,124.45473,122.69528,120.93584,120.75487,120.60514,120.57782,120.55052,120.986206,122.24501,122.24501
04388.png,120.16622,120.16622,121.271454,120.91668,120.69462,120.265465,119.901634,119.53783,118.58508,117.63301,117.50009,117.86102,117.12904,116.416306,116.416306
04390.png,44.492462,44.492462,44.296547,42.29255,40.134163,37.95132,35.3725,32.791138,31.639847,30.48853,29.66404,28.837349,29.64125,28.186787,28.186787
04391.png,54.59999,54.59999,54.949127,54.503128,54.612732,54.722336,53.808067,52.985703,51.757553,50.621338,50.958992,51.57292,49.635162,47.17401,47.17401
04392.png,147.66301,147.66301,146.28293,144.4849,147.05382,149.5393,153.1969,156.70923,155.00296,153.07382,151.91241,150.43796,144.62024,137.9156,137.9156
04394.png,75.580696,75.580696,74.625656,74.51512,73.29833,72.12353,70.63031,68.886086,67.522995,66.15991,65.139915,64.119934,63.831207,63.7165,63.7165
04402.png,102.17937,102.17937,103.4981,103.94645,104.36448,104.8698,105.239685,105.6203,105.0253,104.43028,102.59964,100.92164,100.12962,99.29383,99.29383
04420.png,59.792763,59.792763,59.130005,58.773014,58.076065,57.379112,57.15175,56.924377,57.02224,56.920414,57.009777,57.099144,57.453197,57.786797,57.786797
04424.png,128.41797,128.41797,129.32994,130.17584,129.19597,128.18524,122.47004,117.77763,114.95557,112.14836,109.98367,108.63443,106.19362,103.80495,103.80495
04438.png,117.597176,117.597176,119.90718,122.1743,122.93335,123.75266,122.38764,121.45566,121.189804,120.97017,120.2095,119.45215,117.84474,116.9749,116.9749
04443.png,80.8221,80.8221,79.78401,79.85886,76.871284,72.77916,69.4498,66.1734,63.61085,61.135757,58.554157,54.66989,54.036972,53.430103,53.430103
04446.png,65.445984,65.445984,66.17754,66.69464,67.00605,67.31746,67.292435,67.26741,67.353,67.43858,66.657326,65.87607,65.74527,64.856636,64.856636
04449.png,85.20526,85.20526,84.059006,83.395294,82.23608,81.24274,81.201294,80.966774,81.602936,82.25323,83.87512,85.50497,86.73065,88.079796,88.079796
04456.png,86.618706,86.618706,85.88616,86.49909,83.23181,79.13232,78.32808,77.523834,77.815605,78.1503,77.816444,77.4826,76.14228,74.104324,74.104324
04459.png,92.20501,92.20501,93.361885,93.96318,93.34302,92.73576,91.397736,89.85623,90.3076,90.56383,91.63428,93.054,93.41994,93.78587,93.78587
04462.png,29.698929,29.698929,33.71036,36.331715,38.830772,41.32983,44.51322,47.391975,48.262814,49.009007,51.30491,53.270073,54.20905,55.302322,55.302322
04465.png,133.16194,133.16194,132.91222,132.28152,130.62639,128.97125,130.14572,131.32019,132.0637,132.82416,133.22182,134.0108,135.36841,138.07715,138.07715
04484.png,81.97388,81.97388,81.92781,82.00499,81.81039,81.68029,81.897484,82.11467,80.25041,78.38616,76.49394,74.66222,74.74105,75.87254,75.87254
04491.png,60.024082,60.024082,58.765095,57.72731,58.03644,58.345577,58.90848,59.471386,59.848064,60.275845,62.05512,63.834393,68.15704,72.62994,72.62994
04493.png,45.6425,45.6425,46.998154,47.678047,50.079044,52.48007,54.559162,56.638264,57.351086,58.063896,59.05815,60.18759,61.17364,62.20958,62.20958
04501.png,48.386444,48.386444,48.18003,48.251495,48.370903,47.778214,46.524933,45.269985,43.364975,41.459957,40.406506,39.353058,38.82703,37.693134,37.693134
04504.png,88.10999,88.10999,87.99463,88.21661,87.99481,87.69739,86.456474,85.21557,84.892296,84.74758,83.60886,82.81118,81.3199,79.577934,79.577934
04513.png,66.26739,66.26739,68.261505,70.34917,71.549484,72.77316,74.24117,76.11657,77.8006,79.03639,79.99169,80.97944,79.48398,76.9554,76.9554
04520.png,91.61292,91.61292,87.69436,84.79936,82.64523,80.59002,81.26352,81.74419,82.129875,82.621765,83.1463,83.670845,86.2487,89.17807,89.17807
04526.png,57.41095,57.41095,55.272392,52.94027,51.38772,49.82022,48.568687,47.31714,47.763756,48.210358,49.409477,50.608604,52.674282,54.97924,54.97924
04529.png,53.875473,53.875473,56.12638,57.064434,58.72559,60.38676,62.284214,64.1993,67.13581,70.07232,73.54783,76.21281,78.7075,82.01346,82.01346
04531.png,90.61682,90.61682,90.06293,90.2173,89.323425,88.30966,87.10205,85.89445,87.88878,90.37126,92.77556,95.15086,97.019165,99.370255,99.370255
04538.png,90.79091,90.79091,90.331276,89.48514,90.05793,90.29491,90.340515,90.38612,91.102,91.81789,92.74727,93.95067,94.96991,96.12892,96.12892
04541.png,56.875225,56.875225,57.09732,56.80938,56.21567,55.62198,56.18364,56.745293,56.150375,55.55547,55.042774,54.530075,54.704216,54.878166,54.878166
04543.png,72.61782,72.61782,74.336105,75.33274,75.98051,77.64089,78.88949,80.171684,81.76172,83.36136,83.903244,84.62641,86.6463,89.21372,89.21372
04548.png,21.604416,21.604416,22.721165,23.290234,24.352638,25.415043,26.47153,27.528015,29.777271,31.615192,32.018787,32.4169,34.13175,35.187115,35.187115
04550.png,98.87887,98.87887,99.68693,100.199066,99.80877,99.49756,100.380226,101.27487,100.88776,100.84826,98.81616,96.784065,95.674126,94.3017,94.3017
04553.png,69.9563,69.9563,71.41268,73.62211,73.669914,73.698616,73.99621,74.294495,75.89642,77.66902,79.25911,80.85186,81.0714,81.00866,81.00866
04564.png,43.6181,43.6181,43.443832,43.314354,40.889015,38.321373,34.1197,29.918045,29.67097,29.423904,32.76774,35.950394,41.53304,46.661556,46.661556
04565.png,33.30688,33.30688,33.4062,32.451103,32.20646,31.961796,31.819324,31.67685,32.01051,32.34416,32.964397,33.58465,35.99239,37.849236,37.849236
04567.png,57.231274,57.231274,55.6355,53.54873,53.01883,52.48893,54.187828,55.88673,59.04799,61.69391,63.058464,64.46297,64.19479,63.90126,63.90126
04569.png,130.1236,130.1236,128.6208,126.75864,126.883194,127.00774,127.573395,128.13905,128.10916,128.07925,128.39429,129.1011,128.37338,128.49341,128.49341
04576.png,76.69507,76.69507,75.469124,74.95912,75.65475,76.33388,77.78651,79.02562,78.63093,78.25356,79.361946,80.472946,81.93764,83.40233,83.40233
04577.png,82.62241,82.62241,79.97655,77.8707,76.10259,74.42962,72.40707,70.38452,67.721115,64.653786,59.0827,53.216244,52.131416,49.875664,49.875664
04585.png,90.83605,90.83605,92.336105,92.69257,92.34877,91.28961,91.05488,90.84465,89.72427,88.89235,87.53771,85.77297,84.40568,83.00346,83.00346
04587.png,145.91336,145.91336,146.7326,147.39566,146.11665,145.9979,143.49553,140.99196,138.87076,136.772,134.22859,131.68517,128.52525,126.16319,126.16319
04589.png,79.65617,79.65617,76.96442,74.69102,72.59202,70.52161,69.58933,68.23015,70.023186,71.310555,72.75488,74.20034,75.124466,76.17509,76.17509
04603.png,74.7537,74.7537,72.93707,71.07452,67.51264,65.01407,63.367165,61.720257,61.157692,60.595123,61.053345,61.511566,61.79657,62.809784,62.809784
04604.png,60.410385,60.410385,59.722733,58.985634,58.46857,57.951504,56.968456,55.9854,54.15862,52.33185,50.574207,47.65056,44.179913,40.70928,40.70928
04620.png,52.84852,52.84852,51.186306,48.331448,49.480236,50.62902,52.06202,53.495003,54.206596,54.918175,55.45819,56.063522,55.067223,54.070923,54.070923
04622.png,46.422085,46.422085,45.36476,42.538315,41.862053,40.833862,39.484264,38.11118,36.983215,35.85525,34.915108,33.964565,35.587196,36.92557,36.92557
04631.png,73.299675,73.299675,74.29537,75.4322,75.47204,75.55657,75.59054,75.624504,75.57017,75.51582,76.12004,76.74041,77.23672,78.013145,78.013145
04632.png,101.874626,101.874626,103.431015,106.22715,106.97129,107.79696,108.55479,109.52817,112.696014,115.789825,116.11367,116.61621,115.92075,115.17607,115.17607
04633.png,56.67469,56.67469,59.073357,60.349674,61.784782,63.2199,64.83472,66.45599,67.64232,68.82864,70.43253,72.04869,74.19718,76.27449,76.27449
04638.png,76.14702,76.14702,81.21121,85.61956,87.73276,90.3064,89.25302,88.1279,86.70182,85.06136,82.96229,80.367386,80.603615,80.92168,80.92168
04640.png,45.11357,45.11357,44.276756,43.402832,43.354,42.553074,42.692795,42.394424,43.23889,44.035614,45.27186,46.460346,49.607323,52.208176,52.208176
04642.png,81.3535,81.3535,79.079796,77.94634,75.679794,73.427765,70.668625,66.77807,63.038723,59.297504,56.494316,53.00206,48.77053,43.722893,43.722893
04645.png,66.49818,66.49818,65.40758,64.61302,65.4042,66.19537,68.40516,69.44392,70.73541,72.06486,74.15122,76.449356,78.74883,81.77068,81.77068
04647.png,82.34909,82.34909,82.10606,81.97867,82.116425,82.25419,81.812416,81.37064,81.521164,81.6426,82.03251,82.75362,82.939354,82.9711,82.9711
04651.png,84.2277,84.2277,78.81322,74.08394,70.53552,66.642105,64.52382,62.40554,62.29895,62.19348,63.294746,64.397125,65.46239,67.038605,67.038605
04656.png,33.813526,33.813526,35.970856,38.382023,41.214996,44.047974,46.1711,48.294228,49.516624,50.195915,51.56058,52.925247,53.534195,53.345078,53.345078
04660.png,31.884846,31.884846,30.260826,28.47422,27.606586,26.728283,25.06425,23.400219,23.923885,24.447437,26.556644,28.430347,33.06823,34.80714,34.80714
04670.png,116.68057,116.68057,114.29615,112.73173,112.15854,111.68121,110.90334,109.91495,109.1035,108.32904,110.03689,111.27248,111.35808,112.94679,112.94679
04675.png,116.63083,116.63083,122.269745,126.99556,131.70703,136.991,137.6802,138.23401,137.30539,136.3089,131.1153,125.58555,122.32969,117.347916,117.347916
04676.png,88.92914,88.92914,89.8411,90.541954,91.43804,92.33413,92.45106,92.58931,91.08356,89.59914,89.03507,88.34446,88.50375,88.68092,88.68092
04678.png,83.28472,83.28472,86.541405,89.690575,90.33648,90.94103,90.926895,90.93663,90.81189,90.68716,88.872284,86.64069,83.135895,79.77585,79.77585
04686.png,59.185677,59.185677,60.074432,60.121674,60.168037,59.87882,60.235886,60.592957,59.742767,58.891468,60.78904,62.732178,67.67034,73.054695,73.054695
04691.png,80.21358,80.21358,82.85825,85.29091,88.896324,92.77191,94.49362,96.58946,97.976776,99.36408,102.301125,106.069435,108.291534,110.51364,110.51364
04696.png,68.30667,68.30667,66.098274,64.35989,62.15198,59.94407,58.099556,56.255043,56.260353,56.309395,56.76528,57.221165,56.476997,55.61947,55.61947
04699.png,128.07372,128.07372,126.32405,124.374084,123.02305,121.67203,118.01085,114.23403,115.02866,115.71446,115.76846,116.141235,115.580124,115.01904,115.01904
04710.png,17.278675,17.278675,16.967564,16.245071,13.457024,10.533947,10.541573,10.53595,11.9533,13.370644,15.384232,17.396145,18.83002,19.378597,19.378597
04711.png,64.28509,64.28509,66.83074,68.34134,68.708275,69.72839,69.19067,68.661316,66.75793,65.135506,63.985027,62.787373,61.018875,58.28382,58.28382
04727.png,8.595211,8.595211,10.709595,12.583904,13.149544,13.715172,12.947769,12.180397,13.25589,13.198868,13.432991,9.998833,10.145428,13.377945,13.377945
04729.png,37.150696,37.150696,38.33294,39.18835,40.92166,42.65497,42.39677,42.13857,42.700127,43.274406,43.144146,43.013855,42.136932,38.47132,38.47132
04730.png,61.08071,61.08071,62.96838,64.04807,64.59035,65.13261,64.61829,64.16355,62.805687,61.44783,61.407196,61.401028,61.39453,61.628872,61.628872
04731.png,23.140133,23.140133,24.61362,25.318245,24.74656,24.07209,23.940094,23.70171,22.699482,21.69265,23.02303,24.353416,25.806442,26.5593,26.5593
04732.png,69.15724,69.15724,71.62505,73.55643,75.58589,78.017525,78.91118,79.91806,77.798515,75.86363,73.68681,71.10222,68.35128,65.466896,65.466896
04735.png,57.045334,57.045334,56.390217,55.25153,55.251633,55.32247,53.145782,50.9691,49.942493,48.915894,47.883793,46.688377,44.85879,42.18168,42.18168
04736.png,75.89965,75.89965,74.62977,73.99633,71.07488,67.52952,66.312706,65.0959,64.19314,63.323006,61.79547,60.267933,58.638256,57.17328,57.17328
04742.png,56.03896,56.03896,53.00766,49.35589,47.808968,46.228783,43.94222,41.655643,40.22244,38.789227,38.92152,39.02761,40.496807,41.5897,41.5897
04760.png,43.672356,43.672356,44.248306,44.598404,47.92777,51.189278,54.05682,56.924385,59.8167,62.16422,64.325554,66.48689,68.77225,70.403595,70.403595
04761.png,87.36746,87.36746,85.17668,83.614204,80.0128,76.640594,74.35416,72.102646,71.52111,70.93957,72.6055,74.27142,75.9708,78.423355,78.423355
04764.png,89.02815,89.02815,85.37958,81.92708,78.336075,72.91387,68.924385,65.61029,62.68132,59.76646,58.409733,57.272842,55.72504,52.665382,52.665382
04770.png,51.745373,51.745373,51.699097,50.029102,50.852577,51.22985,51.784927,52.206635,52.106316,52.006004,52.73268,53.302307,53.772964,54.37646,54.37646
04774.png,68.3957,68.3957,67.56422,67.07699,66.97147,66.86596,67.48537,68.104774,68.58543,69.06608,67.99896,66.93185,64.11555,61.01704,61.01704
04779.png,97.461266,97.461266,97.634575,97.19963,97.111336,97.06982,97.35033,97.74913,98.61592,99.44681,100.01405,100.84005,101.60511,102.88949,102.88949
04790.png,44.508244,44.508244,41.328682,36.593987,34.87598,33.15796,35.379406,37.522644,38.607983,39.693336,41.663334,43.633324,45.472183,46.451836,46.451836
04792.png,121.788055,121.788055,119.24515,118.00583,115.14879,112.29063,110.4133,109.47206,107.759155,106.03099,103.791435,101.74759,99.383644,97.74627,97.74627
04793.png,102.58908,102.58908,104.28906,106.081635,105.89528,105.71533,106.02014,106.32494,106.360435,106.400536,107.719536,109.1736,110.402985,111.78288,111.78288
04795.png,83.32121,83.32121,84.41284,86.59233,88.30877,90.987335,91.84465,92.73984,91.865036,90.92751,91.064156,91.2817,89.10844,86.65183,86.65183
04796.png,89.13308,89.13308,87.77381,86.332924,86.9219,87.47774,87.065735,86.62062,86.23699,85.85336,86.0856,86.70244,85.89631,85.157326,85.157326
04802.png,27.703888,27.703888,28.844349,30.131699,34.91093,37.82271,40.77002,43.229637,46.40958,49.152794,50.05981,50.966805,50.455986,49.776947,49.776947
04803.png,37.84935,37.84935,36.579556,35.15912,36.50336,37.548344,37.987965,38.128338,38.51965,38.91097,40.843575,42.776184,44.99983,47.252792,47.252792
04806.png,78.10508,78.10508,76.41968,76.117615,76.69938,77.29726,78.27419,78.77503,79.19703,79.41713,79.207344,79.332794,77.701035,76.06927,76.06927
04811.png,81.81508,81.81508,81.980064,81.81304,82.402725,82.99242,83.36155,83.73454,82.939995,82.16852,81.722145,81.42613,81.52359,83.08344,83.08344
04812.png,74.52713,74.52713,77.45085,80.15349,82.51361,85.3692,86.33296,87.539795,88.06248,88.48009,89.38287,90.39992,89.424576,87.96921,87.96921
04819.png,71.11117,71.11117,75.0329,79.648865,79.760704,79.84682,79.611305,79.27376,81.02078,82.463425,83.632034,84.95287,87.49021,90.13762,90.13762
04822.png,78.939865,78.939865,80.727264,81.555786,81.25349,80.95759,80.20843,79.45927,79.88319,80.39623,81.100685,82.17329,81.871,81.44741,81.44741
04823.png,114.66168,114.66168,113.64,113.59213,113.75733,113.922554,111.92555,109.92853,108.76359,107.62181,108.18047,108.73913,109.36419,110.715675,110.715675
04835.png,61.516808,61.516808,62.885803,63.390663,65.52433,67.658005,69.91364,72.20818,72.629814,73.07979,74.4412,75.387665,76.54334,78.263626,78.263626
04838.png,36.782764,36.782764,38.446346,39.158615,37.61668,36.074734,35.08091,34.08709,34.19714,34.08396,32.80509,30.540268,30.2468,29.94984,29.94984
04857.png,59.758415,59.758415,58.510063,56.82259,57.494987,58.467804,60.337097,62.46975,62.158005,61.846245,61.730663,61.61507,60.602386,58.735508,58.735508
04865.png,45.631638,45.631638,47.012024,48.31969,50.00442,51.68915,50.659714,49.630276,52.01863,54.406998,56.564144,58.72129,60.988567,63.66703,63.66703
04877.png,71.69943,71.69943,71.76092,72.37581,72.55455,72.73329,73.059906,73.38652,73.58573,73.796425,74.2398,74.96979,76.19345,77.437675,77.437675
04878.png,120.49575,120.49575,119.30452,119.38187,119.8163,120.25073,121.10138,121.951996,123.52556,125.3288,126.48347,127.8954,128.85402,131.48932,131.48932
04879.png,74.54561,74.54561,74.42522,74.72744,75.920135,78.13347,79.77072,81.454025,82.87405,84.29407,83.65459,83.04756,81.67287,79.24221,79.24221
04887.png,55.354366,55.354366,54.672497,53.46264,52.32696,51.225555,51.13134,51.03269,49.683662,48.334633,47.66097,46.98732,47.290524,46.570347,46.570347
04888.png,82.53835,82.53835,81.972466,81.50433,81.38433,81.26432,81.886826,82.65016,83.62378,84.83298,87.81316,91.046234,92.44584,95.10556,95.10556
04889.png,142.63618,142.63618,144.45776,146.92984,146.12413,145.28601,144.87387,144.44794,143.57065,142.67523,142.16403,141.65279,141.75917,144.69464,144.69464
04892.png,128.06279,128.06279,124.86062,121.36347,117.44996,113.51227,111.65465,109.79255,110.15789,110.950226,111.4957,112.68567,113.08043,113.49269,113.49269
04893.png,54.27544,54.27544,53.48137,53.148895,52.836548,52.524197,51.767708,51.00865,52.153687,52.152893,51.844143,51.43966,49.213943,46.38205,46.38205
04902.png,76.87556,76.87556,77.027885,77.95555,78.79911,78.94238,79.07601,79.76659,80.1001,80.33146,79.67562,78.34986,78.47175,79.32879,79.32879
04909.png,105.24315,105.24315,107.211,110.54994,112.75806,115.06242,115.084694,115.42027,114.58129,113.742325,112.58547,111.59957,111.44034,112.100464,112.100464
04917.png,39.813797,39.813797,39.73468,37.85693,36.918552,36.046017,35.911804,35.62695,35.37989,35.131687,34.86292,34.74256,34.779343,34.836338,34.836338
04920.png,49.238804,49.238804,50.545174,50.97204,49.935257,48.898483,48.25045,47.60241,46.557236,45.512062,44.396355,42.722317,45.36767,48.251873,48.251873
04929.png,102.56349,102.56349,104.60394,106.44713,105.83764,105.228134,106.13938,106.985504,108.46649,110.06302,108.788315,108.54617,108.886826,109.244095,109.244095
04935.png,16.40887,16.40887,18.063858,17.71156,17.22472,16.73788,15.747646,14.548897,17.331772,20.114632,21.88337,23.693203,26.39486,30.269226,30.269226
04941.png,135.44177,135.44177,134.88736,134.71576,129.19217,124.60069,120.96881,117.34464,115.23747,113.095665,113.13002,113.231155,113.528946,113.893524,113.893524
04945.png,68.24291,68.24291,63.966824,59.985302,56.805595,53.625877,52.371918,51.11793,50.84578,50.2938,48.151237,45.771965,44.05348,41.723457,41.723457
04948.png,112.429306,112.429306,112.80872,112.618286,109.91951,107.256836,104.38342,102.323265,101.02048,99.71769,99.37804,99.487045,101.27693,103.19331,103.19331
04949.png,81.12061,81.12061,80.34377,80.390594,79.81862,79.24614,79.265236,79.08085,78.583954,78.08706,78.523834,79.18125,78.7268,78.09838,78.09838
04956.png,114.11754,114.11754,114.36034,115.165344,116.065094,117.61464,119.42535,121.23608,122.069565,122.903046,122.65857,122.58115,120.001495,117.43996,117.43996
04959.png,109.5467,109.5467,107.82292,106.93275,105.12592,103.31909,102.38297,101.53391,100.64234,99.739296,99.22923,98.769516,98.97795,100.2695,100.2695
04962.png,92.35882,92.35882,93.90025,94.971115,96.52286,98.04482,99.54423,101.80124,103.72759,105.744415,107.00354,108.245865,108.88087,109.41795,109.41795
04967.png,77.85794,77.85794,80.216125,82.704834,83.81244,84.90127,85.334404,85.98313,87.423935,88.74109,90.0398,91.29591,92.83487,94.43735,94.43735
04968.png,78.67042,78.67042,78.44816,78.552864,77.39371,76.294395,74.97513,73.72275,72.65549,71.78019,71.43863,71.09708,69.89805,69.34843,69.34843
04984.png,84.37178,84.37178,84.97765,85.13961,83.92883,82.297066,79.26055,75.47233,72.30802,69.54432,68.3673,67.47427,67.720024,68.164665,68.164665
04992.png,51.71546,51.71546,51.813095,50.833984,52.69995,53.981033,53.31259,52.498215,50.470833,48.443443,48.98406,48.621002,48.315025,48.166206,48.166206
04994.png,77.81837,77.81837,77.4285,77.42142,77.706856,77.89685,78.880455,80.37012,81.46959,82.843315,83.59617,84.472534,87.44606,90.777016,90.777016
04995.png,103.94397,103.94397,101.82606,99.60375,99.526825,99.525635,99.37197,99.39646,99.26291,99.49937,100.32889,102.14901,103.83825,105.731636,105.731636
04997.png,40.862137,40.862137,41.171112,39.393333,39.866932,40.3006,39.80064,39.30068,40.73385,42.167023,42.884003,43.600994,44.287174,44.09594,44.09594
